COD CURSO;NOME UNIDADE;COD ESTRUTURADO;COD DISCIPLINA;ID ATIV CURRIC;NOME DISCIPLINA;PERIODO IDEAL;CREDITOS;CH TOTAL;TIPO DISCIPLINA;NUM VERSAO;SIT VERSAO;TOTAL CH;TOTAL CR;SEMESTRE IDEAL;NUM MIN PERIODOS;NUM MAX PERIODOS;CH TOTAL CURSO;SIT ATIV;EMENTA;OBJETIVOS
210;Sistemas de Informação - Bacharelado - Turno Integral (V/N);1.30.00.10.10.00.00.01.00;HHI0033;10948;HHI0033 - História da Ciência e da Tecnologia;1;4;60;Obrigatória;2000/2;INATIVO;3270;0;10;8;12;3270;ATIVA;[object Object];[object Object]
210;Sistemas de Informação - Bacharelado - Turno Integral (V/N);1.30.00.10.10.00.00.01.00;TIN0005;11888;TIN0005 - Introdução à Lógica Computacional;1;4;60;Obrigatória;2000/2;INATIVO;3270;0;10;8;12;3270;ATIVA;[object Object];[object Object]
210;Sistemas de Informação - Bacharelado - Turno Integral (V/N);1.30.00.10.10.00.00.01.00;TIN0006;11891;TIN0006 - Programas Utilitários Básicos;1;3;60;Obrigatória;2000/2;INATIVO;3270;0;10;8;12;3270;ATIVA;[object Object];[object Object]
210;Sistemas de Informação - Bacharelado - Turno Integral (V/N);1.30.00.10.10.00.00.01.00;TIN0007;11892;TIN0007 - TÉCNICAS DE PROGRAMAÇÃO I;1;3;90;Obrigatória;2000/2;INATIVO;3270;0;10;8;12;3270;ATIVA;[object Object];[object Object]
210;Sistemas de Informação - Bacharelado - Turno Integral (V/N);1.30.00.10.10.00.00.01.00;TIN0008;11894;TIN0008 - Organização de Computadores;1;5;90;Obrigatória;2000/2;INATIVO;3270;0;10;8;12;3270;ATIVA;[object Object];[object Object]
210;Sistemas de Informação - Bacharelado - Turno Integral (V/N);1.30.00.10.10.00.00.01.00;TME0012;11937;TME0012 - Cálculo Diferencial e Integral I;1;5;90;Obrigatória;2000/2;INATIVO;3270;0;10;8;12;3270;ATIVA;[object Object];[object Object]
210;Sistemas de Informação - Bacharelado - Turno Integral (V/N);1.30.00.10.10.00.00.01.00;TIN0009;11895;TIN0009 - Estruturas Discretas;2;4;60;Obrigatória;2000/2;INATIVO;3270;0;10;8;12;3270;ATIVA;[object Object];[object Object]
210;Sistemas de Informação - Bacharelado - Turno Integral (V/N);1.30.00.10.10.00.00.01.00;TIN0011;11897;TIN0011 - TÉCNICAS DE PROGRAMAÇÃO II;2;5;90;Obrigatória;2000/2;INATIVO;3270;0;10;8;12;3270;ATIVA;[object Object];[object Object]
210;Sistemas de Informação - Bacharelado - Turno Integral (V/N);1.30.00.10.10.00.00.01.00;TIN0012;11898;TIN0012 - Modelagem de Sistemas;2;3;60;Obrigatória;2000/2;INATIVO;3270;0;10;8;12;3270;ATIVA;[object Object];[object Object]
210;Sistemas de Informação - Bacharelado - Turno Integral (V/N);1.30.00.10.10.00.00.01.00;TIN0013;11899;TIN0013 - Análise Empresarial e Administrativa;2;4;60;Obrigatória;2000/2;INATIVO;3270;0;10;8;12;3270;ATIVA;[object Object];[object Object]
210;Sistemas de Informação - Bacharelado - Turno Integral (V/N);1.30.00.10.10.00.00.01.00;TIN0016;11902;TIN0016 - Sistemas Operacionais;2;3;60;Obrigatória;2000/2;INATIVO;3270;0;10;8;12;3270;ATIVA;[object Object];[object Object]
210;Sistemas de Informação - Bacharelado - Turno Integral (V/N);1.30.00.10.10.00.00.01.00;TME0013;11938;TME0013 - Cálculo  Diferencial e Integral II;2;5;90;Obrigatória;2000/2;INATIVO;3270;0;10;8;12;3270;ATIVA;[object Object];
210;Sistemas de Informação - Bacharelado - Turno Integral (V/N);1.30.00.10.10.00.00.01.00;TIN0010;11896;TIN0010 - Produtividade Pessoal com Sistemas de Informação;3;3;60;Obrigatória;2000/2;INATIVO;3270;0;10;8;12;3270;ATIVA;;[object Object]
210;Sistemas de Informação - Bacharelado - Turno Integral (V/N);1.30.00.10.10.00.00.01.00;TIN0014;11900;TIN0014 - Estruturas de Dados;3;3;90;Obrigatória;2000/2;INATIVO;3270;0;10;8;12;3270;ATIVA;[object Object];[object Object]
210;Sistemas de Informação - Bacharelado - Turno Integral (V/N);1.30.00.10.10.00.00.01.00;TIN0015;11901;TIN0015 - Análise e Projeto de Sistemas;3;3;60;Obrigatória;2000/2;INATIVO;3270;0;10;8;12;3270;ATIVA;[object Object];[object Object]
210;Sistemas de Informação - Bacharelado - Turno Integral (V/N);1.30.00.10.10.00.00.01.00;TIN0017;11903;TIN0017 - Administração Financeira;3;5;90;Obrigatória;2000/2;INATIVO;3270;0;10;8;12;3270;ATIVA;[object Object];[object Object]
210;Sistemas de Informação - Bacharelado - Turno Integral (V/N);1.30.00.10.10.00.00.01.00;TME0014;11939;TME0014 - Probabilidade e Estatística;3;5;90;Obrigatória;2000/2;INATIVO;3270;0;10;8;12;3270;ATIVA;[object Object];
210;Sistemas de Informação - Bacharelado - Turno Integral (V/N);1.30.00.10.10.00.00.01.00;TME0015;11940;TME0015 - Álgebra Linear;3;4;60;Obrigatória;2000/2;INATIVO;3270;0;10;8;12;3270;ATIVA;[object Object];
210;Sistemas de Informação - Bacharelado - Turno Integral (V/N);1.30.00.10.10.00.00.01.00;HTD0051;11787;HTD0051 - Expressão Oral e Escrita;4;3;60;Obrigatória;2000/2;INATIVO;3270;0;10;8;12;3270;ATIVA;[object Object];[object Object]
210;Sistemas de Informação - Bacharelado - Turno Integral (V/N);1.30.00.10.10.00.00.01.00;TIN0019;11905;TIN0019 - Linguagens Formais e Autômatos;4;3;60;Obrigatória;2000/2;INATIVO;3270;0;10;8;12;3270;ATIVA;[object Object];[object Object]
210;Sistemas de Informação - Bacharelado - Turno Integral (V/N);1.30.00.10.10.00.00.01.00;TIN0020;11906;TIN0020 - Sistema de Banco de Dados;4;3;60;Obrigatória;2000/2;INATIVO;3270;0;10;8;12;3270;ATIVA;[object Object];[object Object]
210;Sistemas de Informação - Bacharelado - Turno Integral (V/N);1.30.00.10.10.00.00.01.00;TIN0023;11909;TIN0023 - Redes de Computadores;4;3;60;Obrigatória;2000/2;INATIVO;3270;0;10;8;12;3270;ATIVA;[object Object];[object Object]
210;Sistemas de Informação - Bacharelado - Turno Integral (V/N);1.30.00.10.10.00.00.01.00;TIN0024;11910;TIN0024 - Seminários sobre Optativas e Eletivas;4;1;30;Obrigatória;2000/2;INATIVO;3270;0;10;8;12;3270;ATIVA;[object Object];[object Object]
210;Sistemas de Informação - Bacharelado - Turno Integral (V/N);1.30.00.10.10.00.00.01.00;TIN0028;11914;TIN0028 - Projeto e Construção de Sistemas com Ambiente de Programação;4;3;60;Obrigatória;2000/2;INATIVO;3270;0;10;8;12;3270;ATIVA;[object Object];[object Object]
210;Sistemas de Informação - Bacharelado - Turno Integral (V/N);1.30.00.10.10.00.00.01.00;TIN0051;12442;TIN0051 - Estudo de Domínios de Aplicação 1;4;3;60;Obrigatória;2000/2;INATIVO;3270;0;10;8;12;3270;ATIVA;;
210;Sistemas de Informação - Bacharelado - Turno Integral (V/N);1.30.00.10.10.00.00.01.00;HTD0052;10913;HTD0052 - LEITURA E PRODUÇÃO DE TEXTOS;5;3;60;Obrigatória;2000/2;INATIVO;3270;0;10;8;12;3270;INATIVA;[object Object];[object Object]
210;Sistemas de Informação - Bacharelado - Turno Integral (V/N);1.30.00.10.10.00.00.01.00;TIN0018;11904;TIN0018 - Análise de Algoritmos;5;3;60;Obrigatória;2000/2;INATIVO;3270;0;10;8;12;3270;ATIVA;[object Object];[object Object]
210;Sistemas de Informação - Bacharelado - Turno Integral (V/N);1.30.00.10.10.00.00.01.00;TIN0021;11907;TIN0021 - Programação Modular;5;3;60;Obrigatória;2000/2;INATIVO;3270;0;10;8;12;3270;ATIVA;[object Object];[object Object]
210;Sistemas de Informação - Bacharelado - Turno Integral (V/N);1.30.00.10.10.00.00.01.00;TIN0022;11908;TIN0022 - Construção de Sistemas;5;3;60;Obrigatória;2000/2;INATIVO;3270;0;10;8;12;3270;ATIVA;[object Object];[object Object]
210;Sistemas de Informação - Bacharelado - Turno Integral (V/N);1.30.00.10.10.00.00.01.00;TIN0025;11911;TIN0025 - Projeto e Construção de Sistemas com SGDB;5;3;60;Optativa;2000/2;INATIVO;3270;0;10;8;12;3270;ATIVA;;[object Object]
210;Sistemas de Informação - Bacharelado - Turno Integral (V/N);1.30.00.10.10.00.00.01.00;TIN0027;11913;TIN0027 - Iniciação à Pesquisa I;5;1;30;Obrigatória;2000/2;INATIVO;3270;0;10;8;12;3270;ATIVA;[object Object];[object Object]
210;Sistemas de Informação - Bacharelado - Turno Integral (V/N);1.30.00.10.10.00.00.01.00;TIN0034;11920;TIN0034 - Banco de Dados em Ambiente Cliente-Servidor;5;3;60;Optativa;2000/2;INATIVO;3270;0;10;8;12;3270;ATIVA;[object Object];[object Object]
210;Sistemas de Informação - Bacharelado - Turno Integral (V/N);1.30.00.10.10.00.00.01.00;TIN0042;11928;TIN0042 - Programação Linear;5;3;60;Optativa;2000/2;INATIVO;3270;0;10;8;12;3270;ATIVA;[object Object];[object Object]
210;Sistemas de Informação - Bacharelado - Turno Integral (V/N);1.30.00.10.10.00.00.01.00;TIN0052;12443;TIN0052 - Estudo de Domínios de Aplicação II;5;3;60;Obrigatória;2000/2;INATIVO;3270;0;10;8;12;3270;ATIVA;;
210;Sistemas de Informação - Bacharelado - Turno Integral (V/N);1.30.00.10.10.00.00.01.00;TIN0054;12982;TIN0054 - Atividades Curriculares de Extensão-1;5;3;90;Obrigatória;2000/2;INATIVO;3270;0;10;8;12;3270;ATIVA;[object Object];
210;Sistemas de Informação - Bacharelado - Turno Integral (V/N);1.30.00.10.10.00.00.01.00;TIN0058;12992;TIN0058 - Desenvolvimento de Software para Web;5;3;60;Optativa;2000/2;INATIVO;3270;0;10;8;12;3270;ATIVA;[object Object];[object Object]
210;Sistemas de Informação - Bacharelado - Turno Integral (V/N);1.30.00.10.10.00.00.01.00;TIN0026;11912;TIN0026 - Distribuição e Concorrência;6;3;60;Obrigatória;2000/2;INATIVO;3270;0;10;8;12;3270;ATIVA;[object Object];[object Object]
210;Sistemas de Informação - Bacharelado - Turno Integral (V/N);1.30.00.10.10.00.00.01.00;TIN0029;11915;TIN0029 - Iniciação à Pesquisa II;6;1;30;Optativa;2000/2;INATIVO;3270;0;10;8;12;3270;ATIVA;[object Object];[object Object]
210;Sistemas de Informação - Bacharelado - Turno Integral (V/N);1.30.00.10.10.00.00.01.00;TIN0030;11916;TIN0030 - Empresa de Informática;6;4;60;Obrigatória;2000/2;INATIVO;3270;0;10;8;12;3270;ATIVA;[object Object];[object Object]
210;Sistemas de Informação - Bacharelado - Turno Integral (V/N);1.30.00.10.10.00.00.01.00;TIN0035;11921;TIN0035 - Administração de Banco de Dados;6;3;60;Optativa;2000/2;INATIVO;3270;0;10;8;12;3270;ATIVA;[object Object];[object Object]
210;Sistemas de Informação - Bacharelado - Turno Integral (V/N);1.30.00.10.10.00.00.01.00;TIN0038;11924;TIN0038 - Comunicação e Segurança de Dados;6;3;60;Optativa;2000/2;INATIVO;3270;0;10;8;12;3270;ATIVA;[object Object];[object Object]
210;Sistemas de Informação - Bacharelado - Turno Integral (V/N);1.30.00.10.10.00.00.01.00;TIN0044;12731;TIN0044 - Algoritmos para Problemas Combinatórios;6;3;60;Optativa;2000/2;INATIVO;3270;0;10;8;12;3270;ATIVA;;
210;Sistemas de Informação - Bacharelado - Turno Integral (V/N);1.30.00.10.10.00.00.01.00;TIN0053;12445;TIN0053 - Estudo de Domínios de Aplicação III;6;3;60;Obrigatória;2000/2;INATIVO;3270;0;10;8;12;3270;ATIVA;;
210;Sistemas de Informação - Bacharelado - Turno Integral (V/N);1.30.00.10.10.00.00.01.00;TIN0055;12990;TIN0055 - Atividades Curriculares de Extensão-2;6;3;90;Obrigatória;2000/2;INATIVO;3270;0;10;8;12;3270;ATIVA;[object Object];[object Object]
210;Sistemas de Informação - Bacharelado - Turno Integral (V/N);1.30.00.10.10.00.00.01.00;TIN0060;12994;TIN0060 - Desenvolvimento Baseado em Componentes;6;3;60;Optativa;2000/2;INATIVO;3270;0;10;8;12;3270;ATIVA;[object Object];[object Object]
210;Sistemas de Informação - Bacharelado - Turno Integral (V/N);1.30.00.10.10.00.00.01.00;TIN0031;11917;TIN0031 - Projeto de Graduação I;7;2;60;Obrigatória;2000/2;INATIVO;3270;0;10;8;12;3270;ATIVA;[object Object];[object Object]
210;Sistemas de Informação - Bacharelado - Turno Integral (V/N);1.30.00.10.10.00.00.01.00;TIN0032;11918;TIN0032 - Gerência de Projetos em Informática;7;3;60;Obrigatória;2000/2;INATIVO;3270;0;10;8;12;3270;ATIVA;[object Object];[object Object]
210;Sistemas de Informação - Bacharelado - Turno Integral (V/N);1.30.00.10.10.00.00.01.00;TIN0036;11922;TIN0036 - Banco de Dados Distribuídos e Datawarehousing;7;3;60;Obrigatória;2000/2;INATIVO;3270;0;10;8;12;3270;ATIVA;[object Object];[object Object]
210;Sistemas de Informação - Bacharelado - Turno Integral (V/N);1.30.00.10.10.00.00.01.00;TIN0039;11925;TIN0039 - Projeto e Gerência de Redes Locais;7;3;60;Optativa;2000/2;INATIVO;3270;0;10;8;12;3270;ATIVA;[object Object];[object Object]
210;Sistemas de Informação - Bacharelado - Turno Integral (V/N);1.30.00.10.10.00.00.01.00;TIN0040;11926;TIN0040 - Calibragem e Análise de Desempenho;7;3;60;Optativa;2000/2;INATIVO;3270;0;10;8;12;3270;ATIVA;[object Object];[object Object]
210;Sistemas de Informação - Bacharelado - Turno Integral (V/N);1.30.00.10.10.00.00.01.00;TIN0043;11929;TIN0043 - Fluxo em Redes;7;3;60;Optativa;2000/2;INATIVO;3270;0;10;8;12;3270;ATIVA;[object Object];[object Object]
210;Sistemas de Informação - Bacharelado - Turno Integral (V/N);1.30.00.10.10.00.00.01.00;TIN0046;11932;TIN0046 - Compiladores;7;3;60;Optativa;2000/2;INATIVO;3270;0;10;8;12;3270;ATIVA;[object Object];[object Object]
210;Sistemas de Informação - Bacharelado - Turno Integral (V/N);1.30.00.10.10.00.00.01.00;TIN0047;11933;TIN0047 - Inteligência Artificial;7;3;60;Optativa;2000/2;INATIVO;3270;0;10;8;12;3270;ATIVA;[object Object];[object Object]
210;Sistemas de Informação - Bacharelado - Turno Integral (V/N);1.30.00.10.10.00.00.01.00;TIN0048;11934;TIN0048 - Sistemas Multimídia;7;3;60;Optativa;2000/2;INATIVO;3270;0;10;8;12;3270;ATIVA;[object Object];[object Object]
210;Sistemas de Informação - Bacharelado - Turno Integral (V/N);1.30.00.10.10.00.00.01.00;TIN0049;11935;TIN0049 - Computação Gráfica e Processamento de Imagem;7;3;60;Optativa;2000/2;INATIVO;3270;0;10;8;12;3270;ATIVA;[object Object];[object Object]
210;Sistemas de Informação - Bacharelado - Turno Integral (V/N);1.30.00.10.10.00.00.01.00;TIN0050;11936;TIN0050 - Ambiente Operacional Unix;7;3;60;Optativa;2000/2;INATIVO;3270;0;10;8;12;3270;ATIVA;[object Object];[object Object]
210;Sistemas de Informação - Bacharelado - Turno Integral (V/N);1.30.00.10.10.00.00.01.00;TIN0056;12989;TIN0056 - Atividades Curriculares de Extensão-3;7;3;90;Obrigatória;2000/2;INATIVO;3270;0;10;8;12;3270;ATIVA;[object Object];[object Object]
210;Sistemas de Informação - Bacharelado - Turno Integral (V/N);1.30.00.10.10.00.00.01.00;TIN0059;12993;TIN0059 - Groupware - Tecnologias de Apoio à Colaboração;7;3;60;Optativa;2000/2;INATIVO;3270;0;10;8;12;3270;ATIVA;[object Object];[object Object]
210;Sistemas de Informação - Bacharelado - Turno Integral (V/N);1.30.00.10.10.00.00.01.00;TIN0062;13489;TIN0062 - Tópicos Avançados em Bancos de dados 2;7;3;60;Optativa;2000/2;INATIVO;3270;0;10;8;12;3270;ATIVA;[object Object];[object Object]
210;Sistemas de Informação - Bacharelado - Turno Integral (V/N);1.30.00.10.10.00.00.01.00;TIN0063;13490;TIN0063 - Tópicos Avançados em Banco de Dados 3;7;3;60;Optativa;2000/2;INATIVO;3270;0;10;8;12;3270;ATIVA;[object Object];[object Object]
210;Sistemas de Informação - Bacharelado - Turno Integral (V/N);1.30.00.10.10.00.00.01.00;TIN0064;13491;TIN0064 - Tópicos Avançados em Redes de Computadores 2;7;3;60;Optativa;2000/2;INATIVO;3270;0;10;8;12;3270;ATIVA;[object Object];[object Object]
210;Sistemas de Informação - Bacharelado - Turno Integral (V/N);1.30.00.10.10.00.00.01.00;TIN0065;13492;TIN0065 - Tópicos Avançados em Redes de Computadores 3;7;3;60;Optativa;2000/2;INATIVO;3270;0;10;8;12;3270;ATIVA;[object Object];[object Object]
210;Sistemas de Informação - Bacharelado - Turno Integral (V/N);1.30.00.10.10.00.00.01.00;TIN0066;13493;TIN0066 - Tópicos Avançados em Engenharia de Software 2;7;3;60;Optativa;2000/2;INATIVO;3270;0;10;8;12;3270;ATIVA;;
210;Sistemas de Informação - Bacharelado - Turno Integral (V/N);1.30.00.10.10.00.00.01.00;TIN0067;13494;TIN0067 - Tópicos Avançados em Engenaharia de Software III;7;3;60;Optativa;2000/2;INATIVO;3270;0;10;8;12;3270;ATIVA;;
210;Sistemas de Informação - Bacharelado - Turno Integral (V/N);1.30.00.10.10.00.00.01.00;HDP0502;13126;HDP0502 - DIREITO E ÉTICA PROFISSIONAL;8;4;60;Obrigatória;2000/2;INATIVO;3270;0;10;8;12;3270;ATIVA;;
210;Sistemas de Informação - Bacharelado - Turno Integral (V/N);1.30.00.10.10.00.00.01.00;TIN0033;11919;TIN0033 - Projeto de Graduação II;8;2;60;Obrigatória;2000/2;INATIVO;3270;0;10;8;12;3270;ATIVA;[object Object];[object Object]
210;Sistemas de Informação - Bacharelado - Turno Integral (V/N);1.30.00.10.10.00.00.01.00;TIN0037;11923;TIN0037 - Tópicos Avançados em Banco de Dados;8;3;60;Optativa;2000/2;INATIVO;3270;0;10;8;12;3270;ATIVA;[object Object];[object Object]
210;Sistemas de Informação - Bacharelado - Turno Integral (V/N);1.30.00.10.10.00.00.01.00;TIN0041;11927;TIN0041 - Tópicos Avançados em Redes de Computadores;8;3;60;Optativa;2000/2;INATIVO;3270;0;10;8;12;3270;ATIVA;[object Object];[object Object]
210;Sistemas de Informação - Bacharelado - Turno Integral (V/N);1.30.00.10.10.00.00.01.00;TIN0045;11931;TIN0045 - Tópicos Avançados em Algoritmos;8;3;60;Optativa;2000/2;INATIVO;3270;0;10;8;12;3270;ATIVA;[object Object];[object Object]
210;Sistemas de Informação - Bacharelado - Turno Integral (V/N);1.30.00.10.10.00.00.01.00;TIN0057;12991;TIN0057 - Atividades Curriculares de Extensão-4;8;3;90;Obrigatória;2000/2;INATIVO;3270;0;10;8;12;3270;ATIVA;[object Object];[object Object]
210;Sistemas de Informação - Bacharelado - Turno Integral (V/N);1.30.00.10.10.00.00.01.00;TIN0061;12995;TIN0061 - Tópicos Avançados em Engenharia de Software;8;3;60;Optativa;2000/2;INATIVO;3270;0;10;8;12;3270;ATIVA;[object Object];[object Object]
210;Sistemas de Informação - Bacharelado - Turno Integral (V/N);1.30.00.10.10.00.00.01.00;HHI0033;10948;HHI0033 - História da Ciência e da Tecnologia;1;4;60;Obrigatória;2005/2;ATIVO;3240;0;10;8;12;3240;ATIVA;[object Object];[object Object]
210;Sistemas de Informação - Bacharelado - Turno Integral (V/N);1.30.00.10.10.00.00.01.00;TIN0005;11888;TIN0005 - Introdução à Lógica Computacional;1;4;60;Obrigatória;2005/2;ATIVO;3240;0;10;8;12;3240;ATIVA;[object Object];[object Object]
210;Sistemas de Informação - Bacharelado - Turno Integral (V/N);1.30.00.10.10.00.00.01.00;TIN0006;11891;TIN0006 - Programas Utilitários Básicos;1;3;60;Obrigatória;2005/2;ATIVO;3240;0;10;8;12;3240;ATIVA;[object Object];[object Object]
210;Sistemas de Informação - Bacharelado - Turno Integral (V/N);1.30.00.10.10.00.00.01.00;TIN0007;11892;TIN0007 - TÉCNICAS DE PROGRAMAÇÃO I;1;3;90;Obrigatória;2005/2;ATIVO;3240;0;10;8;12;3240;ATIVA;[object Object];[object Object]
210;Sistemas de Informação - Bacharelado - Turno Integral (V/N);1.30.00.10.10.00.00.01.00;TIN0008;11894;TIN0008 - Organização de Computadores;1;5;90;Obrigatória;2005/2;ATIVO;3240;0;10;8;12;3240;ATIVA;[object Object];[object Object]
210;Sistemas de Informação - Bacharelado - Turno Integral (V/N);1.30.00.10.10.00.00.01.00;TME0012;11937;TME0012 - Cálculo Diferencial e Integral I;1;5;90;Obrigatória;2005/2;ATIVO;3240;0;10;8;12;3240;ATIVA;[object Object];[object Object]
210;Sistemas de Informação - Bacharelado - Turno Integral (V/N);1.30.00.10.10.00.00.01.00;TIN0009;11895;TIN0009 - Estruturas Discretas;2;4;60;Obrigatória;2005/2;ATIVO;3240;0;10;8;12;3240;ATIVA;[object Object];[object Object]
210;Sistemas de Informação - Bacharelado - Turno Integral (V/N);1.30.00.10.10.00.00.01.00;TIN0011;11897;TIN0011 - TÉCNICAS DE PROGRAMAÇÃO II;2;5;90;Obrigatória;2005/2;ATIVO;3240;0;10;8;12;3240;ATIVA;[object Object];[object Object]
210;Sistemas de Informação - Bacharelado - Turno Integral (V/N);1.30.00.10.10.00.00.01.00;TIN0012;11898;TIN0012 - Modelagem de Sistemas;2;3;60;Obrigatória;2005/2;ATIVO;3240;0;10;8;12;3240;ATIVA;[object Object];[object Object]
210;Sistemas de Informação - Bacharelado - Turno Integral (V/N);1.30.00.10.10.00.00.01.00;TIN0013;11899;TIN0013 - Análise Empresarial e Administrativa;2;4;60;Obrigatória;2005/2;ATIVO;3240;0;10;8;12;3240;ATIVA;[object Object];[object Object]
210;Sistemas de Informação - Bacharelado - Turno Integral (V/N);1.30.00.10.10.00.00.01.00;TIN0016;11902;TIN0016 - Sistemas Operacionais;2;3;60;Obrigatória;2005/2;ATIVO;3240;0;10;8;12;3240;ATIVA;[object Object];[object Object]
210;Sistemas de Informação - Bacharelado - Turno Integral (V/N);1.30.00.10.10.00.00.01.00;TME0013;11938;TME0013 - Cálculo  Diferencial e Integral II;2;5;90;Obrigatória;2005/2;ATIVO;3240;0;10;8;12;3240;ATIVA;[object Object];
210;Sistemas de Informação - Bacharelado - Turno Integral (V/N);1.30.00.10.10.00.00.01.00;TIN0010;11896;TIN0010 - Produtividade Pessoal com Sistemas de Informação;3;3;60;Obrigatória;2005/2;ATIVO;3240;0;10;8;12;3240;ATIVA;;[object Object]
210;Sistemas de Informação - Bacharelado - Turno Integral (V/N);1.30.00.10.10.00.00.01.00;TIN0014;11900;TIN0014 - Estruturas de Dados;3;3;90;Obrigatória;2005/2;ATIVO;3240;0;10;8;12;3240;ATIVA;[object Object];[object Object]
210;Sistemas de Informação - Bacharelado - Turno Integral (V/N);1.30.00.10.10.00.00.01.00;TIN0015;11901;TIN0015 - Análise e Projeto de Sistemas;3;3;60;Obrigatória;2005/2;ATIVO;3240;0;10;8;12;3240;ATIVA;[object Object];[object Object]
210;Sistemas de Informação - Bacharelado - Turno Integral (V/N);1.30.00.10.10.00.00.01.00;TIN0017;11903;TIN0017 - Administração Financeira;3;5;90;Obrigatória;2005/2;ATIVO;3240;0;10;8;12;3240;ATIVA;[object Object];[object Object]
210;Sistemas de Informação - Bacharelado - Turno Integral (V/N);1.30.00.10.10.00.00.01.00;TME0014;11939;TME0014 - Probabilidade e Estatística;3;5;90;Obrigatória;2005/2;ATIVO;3240;0;10;8;12;3240;ATIVA;[object Object];
210;Sistemas de Informação - Bacharelado - Turno Integral (V/N);1.30.00.10.10.00.00.01.00;TME0015;11940;TME0015 - Álgebra Linear;3;4;60;Obrigatória;2005/2;ATIVO;3240;0;10;8;12;3240;ATIVA;[object Object];
210;Sistemas de Informação - Bacharelado - Turno Integral (V/N);1.30.00.10.10.00.00.01.00;HTD0051;11787;HTD0051 - Expressão Oral e Escrita;4;3;60;Obrigatória;2005/2;ATIVO;3240;0;10;8;12;3240;ATIVA;[object Object];[object Object]
210;Sistemas de Informação - Bacharelado - Turno Integral (V/N);1.30.00.10.10.00.00.01.00;TIN0019;11905;TIN0019 - Linguagens Formais e Autômatos;4;3;60;Obrigatória;2005/2;ATIVO;3240;0;10;8;12;3240;ATIVA;[object Object];[object Object]
210;Sistemas de Informação - Bacharelado - Turno Integral (V/N);1.30.00.10.10.00.00.01.00;TIN0020;11906;TIN0020 - Sistema de Banco de Dados;4;3;60;Obrigatória;2005/2;ATIVO;3240;0;10;8;12;3240;ATIVA;[object Object];[object Object]
210;Sistemas de Informação - Bacharelado - Turno Integral (V/N);1.30.00.10.10.00.00.01.00;TIN0023;11909;TIN0023 - Redes de Computadores;4;3;60;Obrigatória;2005/2;ATIVO;3240;0;10;8;12;3240;ATIVA;[object Object];[object Object]
210;Sistemas de Informação - Bacharelado - Turno Integral (V/N);1.30.00.10.10.00.00.01.00;TIN0024;11910;TIN0024 - Seminários sobre Optativas e Eletivas;4;1;30;Obrigatória;2005/2;ATIVO;3240;0;10;8;12;3240;ATIVA;[object Object];[object Object]
210;Sistemas de Informação - Bacharelado - Turno Integral (V/N);1.30.00.10.10.00.00.01.00;TIN0028;11914;TIN0028 - Projeto e Construção de Sistemas com Ambiente de Programação;4;3;60;Obrigatória;2005/2;ATIVO;3240;0;10;8;12;3240;ATIVA;[object Object];[object Object]
210;Sistemas de Informação - Bacharelado - Turno Integral (V/N);1.30.00.10.10.00.00.01.00;TIN0051;12442;TIN0051 - Estudo de Domínios de Aplicação 1;4;3;60;Obrigatória;2005/2;ATIVO;3240;0;10;8;12;3240;ATIVA;;
210;Sistemas de Informação - Bacharelado - Turno Integral (V/N);1.30.00.10.10.00.00.01.00;HTD0052;10913;HTD0052 - LEITURA E PRODUÇÃO DE TEXTOS;5;3;60;Obrigatória;2005/2;ATIVO;3240;0;10;8;12;3240;INATIVA;[object Object];[object Object]
210;Sistemas de Informação - Bacharelado - Turno Integral (V/N);1.30.00.10.10.00.00.01.00;TIN0018;11904;TIN0018 - Análise de Algoritmos;5;3;60;Obrigatória;2005/2;ATIVO;3240;0;10;8;12;3240;ATIVA;[object Object];[object Object]
210;Sistemas de Informação - Bacharelado - Turno Integral (V/N);1.30.00.10.10.00.00.01.00;TIN0021;11907;TIN0021 - Programação Modular;5;3;60;Obrigatória;2005/2;ATIVO;3240;0;10;8;12;3240;ATIVA;[object Object];[object Object]
210;Sistemas de Informação - Bacharelado - Turno Integral (V/N);1.30.00.10.10.00.00.01.00;TIN0022;11908;TIN0022 - Construção de Sistemas;5;3;60;Obrigatória;2005/2;ATIVO;3240;0;10;8;12;3240;ATIVA;[object Object];[object Object]
210;Sistemas de Informação - Bacharelado - Turno Integral (V/N);1.30.00.10.10.00.00.01.00;TIN0025;11911;TIN0025 - Projeto e Construção de Sistemas com SGDB;5;3;60;Obrigatória;2005/2;ATIVO;3240;0;10;8;12;3240;ATIVA;;[object Object]
210;Sistemas de Informação - Bacharelado - Turno Integral (V/N);1.30.00.10.10.00.00.01.00;TIN0027;11913;TIN0027 - Iniciação à Pesquisa I;5;1;30;Obrigatória;2005/2;ATIVO;3240;0;10;8;12;3240;ATIVA;[object Object];[object Object]
210;Sistemas de Informação - Bacharelado - Turno Integral (V/N);1.30.00.10.10.00.00.01.00;TIN0034;11920;TIN0034 - Banco de Dados em Ambiente Cliente-Servidor;5;3;60;Optativa;2005/2;ATIVO;3240;0;10;8;12;3240;ATIVA;[object Object];[object Object]
210;Sistemas de Informação - Bacharelado - Turno Integral (V/N);1.30.00.10.10.00.00.01.00;TIN0042;11928;TIN0042 - Programação Linear;5;3;60;Optativa;2005/2;ATIVO;3240;0;10;8;12;3240;ATIVA;[object Object];[object Object]
210;Sistemas de Informação - Bacharelado - Turno Integral (V/N);1.30.00.10.10.00.00.01.00;TIN0052;12443;TIN0052 - Estudo de Domínios de Aplicação II;5;3;60;Optativa;2005/2;ATIVO;3240;0;10;8;12;3240;ATIVA;;
210;Sistemas de Informação - Bacharelado - Turno Integral (V/N);1.30.00.10.10.00.00.01.00;TIN0054;12982;TIN0054 - Atividades Curriculares de Extensão-1;5;3;90;Obrigatória;2005/2;ATIVO;3240;0;10;8;12;3240;ATIVA;[object Object];
210;Sistemas de Informação - Bacharelado - Turno Integral (V/N);1.30.00.10.10.00.00.01.00;TIN0058;12992;TIN0058 - Desenvolvimento de Software para Web;5;3;60;Optativa;2005/2;ATIVO;3240;0;10;8;12;3240;ATIVA;[object Object];[object Object]
210;Sistemas de Informação - Bacharelado - Turno Integral (V/N);1.30.00.10.10.00.00.01.00;TIN0026;11912;TIN0026 - Distribuição e Concorrência;6;3;60;Obrigatória;2005/2;ATIVO;3240;0;10;8;12;3240;ATIVA;[object Object];[object Object]
210;Sistemas de Informação - Bacharelado - Turno Integral (V/N);1.30.00.10.10.00.00.01.00;TIN0029;11915;TIN0029 - Iniciação à Pesquisa II;6;1;30;Optativa;2005/2;ATIVO;3240;0;10;8;12;3240;ATIVA;[object Object];[object Object]
210;Sistemas de Informação - Bacharelado - Turno Integral (V/N);1.30.00.10.10.00.00.01.00;TIN0030;11916;TIN0030 - Empresa de Informática;6;4;60;Obrigatória;2005/2;ATIVO;3240;0;10;8;12;3240;ATIVA;[object Object];[object Object]
210;Sistemas de Informação - Bacharelado - Turno Integral (V/N);1.30.00.10.10.00.00.01.00;TIN0035;11921;TIN0035 - Administração de Banco de Dados;6;3;60;Optativa;2005/2;ATIVO;3240;0;10;8;12;3240;ATIVA;[object Object];[object Object]
210;Sistemas de Informação - Bacharelado - Turno Integral (V/N);1.30.00.10.10.00.00.01.00;TIN0038;11924;TIN0038 - Comunicação e Segurança de Dados;6;3;60;Optativa;2005/2;ATIVO;3240;0;10;8;12;3240;ATIVA;[object Object];[object Object]
210;Sistemas de Informação - Bacharelado - Turno Integral (V/N);1.30.00.10.10.00.00.01.00;TIN0044;12731;TIN0044 - Algoritmos para Problemas Combinatórios;6;3;60;Optativa;2005/2;ATIVO;3240;0;10;8;12;3240;ATIVA;;
210;Sistemas de Informação - Bacharelado - Turno Integral (V/N);1.30.00.10.10.00.00.01.00;TIN0053;12445;TIN0053 - Estudo de Domínios de Aplicação III;6;3;60;Optativa;2005/2;ATIVO;3240;0;10;8;12;3240;ATIVA;;
210;Sistemas de Informação - Bacharelado - Turno Integral (V/N);1.30.00.10.10.00.00.01.00;TIN0055;12990;TIN0055 - Atividades Curriculares de Extensão-2;6;3;90;Obrigatória;2005/2;ATIVO;3240;0;10;8;12;3240;ATIVA;[object Object];[object Object]
210;Sistemas de Informação - Bacharelado - Turno Integral (V/N);1.30.00.10.10.00.00.01.00;TIN0060;12994;TIN0060 - Desenvolvimento Baseado em Componentes;6;3;60;Optativa;2005/2;ATIVO;3240;0;10;8;12;3240;ATIVA;[object Object];[object Object]
210;Sistemas de Informação - Bacharelado - Turno Integral (V/N);1.30.00.10.10.00.00.01.00;TIN0031;11917;TIN0031 - Projeto de Graduação I;7;2;60;Obrigatória;2005/2;ATIVO;3240;0;10;8;12;3240;ATIVA;[object Object];[object Object]
210;Sistemas de Informação - Bacharelado - Turno Integral (V/N);1.30.00.10.10.00.00.01.00;TIN0032;11918;TIN0032 - Gerência de Projetos em Informática;7;3;60;Obrigatória;2005/2;ATIVO;3240;0;10;8;12;3240;ATIVA;[object Object];[object Object]
210;Sistemas de Informação - Bacharelado - Turno Integral (V/N);1.30.00.10.10.00.00.01.00;TIN0036;11922;TIN0036 - Banco de Dados Distribuídos e Datawarehousing;7;3;60;Optativa;2005/2;ATIVO;3240;0;10;8;12;3240;ATIVA;[object Object];[object Object]
210;Sistemas de Informação - Bacharelado - Turno Integral (V/N);1.30.00.10.10.00.00.01.00;TIN0039;11925;TIN0039 - Projeto e Gerência de Redes Locais;7;3;60;Optativa;2005/2;ATIVO;3240;0;10;8;12;3240;ATIVA;[object Object];[object Object]
210;Sistemas de Informação - Bacharelado - Turno Integral (V/N);1.30.00.10.10.00.00.01.00;TIN0040;11926;TIN0040 - Calibragem e Análise de Desempenho;7;3;60;Optativa;2005/2;ATIVO;3240;0;10;8;12;3240;ATIVA;[object Object];[object Object]
210;Sistemas de Informação - Bacharelado - Turno Integral (V/N);1.30.00.10.10.00.00.01.00;TIN0043;11929;TIN0043 - Fluxo em Redes;7;3;60;Optativa;2005/2;ATIVO;3240;0;10;8;12;3240;ATIVA;[object Object];[object Object]
210;Sistemas de Informação - Bacharelado - Turno Integral (V/N);1.30.00.10.10.00.00.01.00;TIN0046;11932;TIN0046 - Compiladores;7;3;60;Optativa;2005/2;ATIVO;3240;0;10;8;12;3240;ATIVA;[object Object];[object Object]
210;Sistemas de Informação - Bacharelado - Turno Integral (V/N);1.30.00.10.10.00.00.01.00;TIN0047;11933;TIN0047 - Inteligência Artificial;7;3;60;Optativa;2005/2;ATIVO;3240;0;10;8;12;3240;ATIVA;[object Object];[object Object]
210;Sistemas de Informação - Bacharelado - Turno Integral (V/N);1.30.00.10.10.00.00.01.00;TIN0048;11934;TIN0048 - Sistemas Multimídia;7;3;60;Optativa;2005/2;ATIVO;3240;0;10;8;12;3240;ATIVA;[object Object];[object Object]
210;Sistemas de Informação - Bacharelado - Turno Integral (V/N);1.30.00.10.10.00.00.01.00;TIN0049;11935;TIN0049 - Computação Gráfica e Processamento de Imagem;7;3;60;Optativa;2005/2;ATIVO;3240;0;10;8;12;3240;ATIVA;[object Object];[object Object]
210;Sistemas de Informação - Bacharelado - Turno Integral (V/N);1.30.00.10.10.00.00.01.00;TIN0050;11936;TIN0050 - Ambiente Operacional Unix;7;3;60;Optativa;2005/2;ATIVO;3240;0;10;8;12;3240;ATIVA;[object Object];[object Object]
210;Sistemas de Informação - Bacharelado - Turno Integral (V/N);1.30.00.10.10.00.00.01.00;TIN0056;12989;TIN0056 - Atividades Curriculares de Extensão-3;7;3;90;Obrigatória;2005/2;ATIVO;3240;0;10;8;12;3240;ATIVA;[object Object];[object Object]
210;Sistemas de Informação - Bacharelado - Turno Integral (V/N);1.30.00.10.10.00.00.01.00;TIN0059;12993;TIN0059 - Groupware - Tecnologias de Apoio à Colaboração;7;3;60;Optativa;2005/2;ATIVO;3240;0;10;8;12;3240;ATIVA;[object Object];[object Object]
210;Sistemas de Informação - Bacharelado - Turno Integral (V/N);1.30.00.10.10.00.00.01.00;TIN0062;13489;TIN0062 - Tópicos Avançados em Bancos de dados 2;7;3;60;Optativa;2005/2;ATIVO;3240;0;10;8;12;3240;ATIVA;[object Object];[object Object]
210;Sistemas de Informação - Bacharelado - Turno Integral (V/N);1.30.00.10.10.00.00.01.00;TIN0063;13490;TIN0063 - Tópicos Avançados em Banco de Dados 3;7;3;60;Optativa;2005/2;ATIVO;3240;0;10;8;12;3240;ATIVA;[object Object];[object Object]
210;Sistemas de Informação - Bacharelado - Turno Integral (V/N);1.30.00.10.10.00.00.01.00;TIN0064;13491;TIN0064 - Tópicos Avançados em Redes de Computadores 2;7;3;60;Optativa;2005/2;ATIVO;3240;0;10;8;12;3240;ATIVA;[object Object];[object Object]
210;Sistemas de Informação - Bacharelado - Turno Integral (V/N);1.30.00.10.10.00.00.01.00;TIN0065;13492;TIN0065 - Tópicos Avançados em Redes de Computadores 3;7;3;60;Optativa;2005/2;ATIVO;3240;0;10;8;12;3240;ATIVA;[object Object];[object Object]
210;Sistemas de Informação - Bacharelado - Turno Integral (V/N);1.30.00.10.10.00.00.01.00;TIN0066;13493;TIN0066 - Tópicos Avançados em Engenharia de Software 2;7;3;60;Optativa;2005/2;ATIVO;3240;0;10;8;12;3240;ATIVA;;
210;Sistemas de Informação - Bacharelado - Turno Integral (V/N);1.30.00.10.10.00.00.01.00;TIN0067;13494;TIN0067 - Tópicos Avançados em Engenaharia de Software III;7;3;60;Optativa;2005/2;ATIVO;3240;0;10;8;12;3240;ATIVA;;
210;Sistemas de Informação - Bacharelado - Turno Integral (V/N);1.30.00.10.10.00.00.01.00;HDP0502;13126;HDP0502 - DIREITO E ÉTICA PROFISSIONAL;8;4;60;Obrigatória;2005/2;ATIVO;3240;0;10;8;12;3240;ATIVA;;
210;Sistemas de Informação - Bacharelado - Turno Integral (V/N);1.30.00.10.10.00.00.01.00;TIN0033;11919;TIN0033 - Projeto de Graduação II;8;2;60;Obrigatória;2005/2;ATIVO;3240;0;10;8;12;3240;ATIVA;[object Object];[object Object]
210;Sistemas de Informação - Bacharelado - Turno Integral (V/N);1.30.00.10.10.00.00.01.00;TIN0037;11923;TIN0037 - Tópicos Avançados em Banco de Dados;8;3;60;Optativa;2005/2;ATIVO;3240;0;10;8;12;3240;ATIVA;[object Object];[object Object]
210;Sistemas de Informação - Bacharelado - Turno Integral (V/N);1.30.00.10.10.00.00.01.00;TIN0041;11927;TIN0041 - Tópicos Avançados em Redes de Computadores;8;3;60;Optativa;2005/2;ATIVO;3240;0;10;8;12;3240;ATIVA;[object Object];[object Object]
210;Sistemas de Informação - Bacharelado - Turno Integral (V/N);1.30.00.10.10.00.00.01.00;TIN0045;11931;TIN0045 - Tópicos Avançados em Algoritmos;8;3;60;Optativa;2005/2;ATIVO;3240;0;10;8;12;3240;ATIVA;[object Object];[object Object]
210;Sistemas de Informação - Bacharelado - Turno Integral (V/N);1.30.00.10.10.00.00.01.00;TIN0057;12991;TIN0057 - Atividades Curriculares de Extensão-4;8;3;90;Obrigatória;2005/2;ATIVO;3240;0;10;8;12;3240;ATIVA;[object Object];[object Object]
210;Sistemas de Informação - Bacharelado - Turno Integral (V/N);1.30.00.10.10.00.00.01.00;TIN0061;12995;TIN0061 - Tópicos Avançados em Engenharia de Software;8;3;60;Optativa;2005/2;ATIVO;3240;0;10;8;12;3240;ATIVA;[object Object];[object Object]
210;Sistemas de Informação - Bacharelado - Turno Integral (V/N);1.30.00.10.10.00.00.01.00;HTD0058;14152;HTD0058 - TEORIAS E PRÁTICAS DISCURSIVAS NA ESFERA ACADÊMICA;1;3;60;Obrigatória;2008/1;ATIVO;3240;;8;7;14;3240;ATIVA;[object Object];
210;Sistemas de Informação - Bacharelado - Turno Integral (V/N);1.30.00.10.10.00.00.01.00;TIN0106;15096;TIN0106 - DESENVOLVIMENTO DE PÁGINAS WEB;1;4;60;Obrigatória;2008/1;ATIVO;3240;;8;7;14;3240;ATIVA;[object Object];
210;Sistemas de Informação - Bacharelado - Turno Integral (V/N);1.30.00.10.10.00.00.01.00;TIN0107;15093;TIN0107 - TÉCNICAS DE PROGRAMAÇÃO-I;1;5;90;Obrigatória;2008/1;ATIVO;3240;;8;7;14;3240;ATIVA;[object Object];
210;Sistemas de Informação - Bacharelado - Turno Integral (V/N);1.30.00.10.10.00.00.01.00;TIN0108;15100;TIN0108 - ORGANIZAÇÃO DE COMPUTADORES;1;4;60;Obrigatória;2008/1;ATIVO;3240;;8;7;14;3240;ATIVA;[object Object];
210;Sistemas de Informação - Bacharelado - Turno Integral (V/N);1.30.00.10.10.00.00.01.00;TIN0112;15097;TIN0112 - FUNDAMENTOS DE SISTEMAS DE INFORMAÇÃO;1;4;60;Obrigatória;2008/1;ATIVO;3240;;8;7;14;3240;ATIVA;[object Object];
210;Sistemas de Informação - Bacharelado - Turno Integral (V/N);1.30.00.10.10.00.00.01.00;TME0101;15144;TME0101 - MATEMÁTICA BÁSICA;1;2;30;Obrigatória;2008/1;ATIVO;3240;;8;7;14;3240;ATIVA;[object Object];
210;Sistemas de Informação - Bacharelado - Turno Integral (V/N);1.30.00.10.10.00.00.01.00;TUT0004;20695;TUT0004 - TUTORIA COMPUTAÇÃO I;1;;60;Disciplina Complementar de Graduação;2008/1;ATIVO;3240;;8;7;14;3240;ATIVA;;
210;Sistemas de Informação - Bacharelado - Turno Integral (V/N);1.30.00.10.10.00.00.01.00;TUT0005;20696;TUT0005 - TUTORIA COMPUTAÇÃO II;1;;60;Disciplina Complementar de Graduação;2008/1;ATIVO;3240;;8;7;14;3240;ATIVA;;
210;Sistemas de Informação - Bacharelado - Turno Integral (V/N);1.30.00.10.10.00.00.01.00;TUT0013;20704;TUT0013 - TUTORIA PORTUGUÊS_II;1;;60;Disciplina Complementar de Graduação;2008/1;ATIVO;3240;;8;7;14;3240;ATIVA;;
210;Sistemas de Informação - Bacharelado - Turno Integral (V/N);1.30.00.10.10.00.00.01.00;TUT0014;20705;TUT0014 - TUTORIA PORTUGUÊS III;1;;60;Disciplina Complementar de Graduação;2008/1;ATIVO;3240;;8;7;14;3240;ATIVA;;
210;Sistemas de Informação - Bacharelado - Turno Integral (V/N);1.30.00.10.10.00.00.01.00;TUT0015;20706;TUT0015 - TUTORIA MATEMÁTICA I;1;;60;Disciplina Complementar de Graduação;2008/1;ATIVO;3240;;8;7;14;3240;ATIVA;;
210;Sistemas de Informação - Bacharelado - Turno Integral (V/N);1.30.00.10.10.00.00.01.00;TUT0016;20707;TUT0016 - TUTORIA MATEMÁTICA II;1;;60;Disciplina Complementar de Graduação;2008/1;ATIVO;3240;;8;7;14;3240;ATIVA;;
210;Sistemas de Informação - Bacharelado - Turno Integral (V/N);1.30.00.10.10.00.00.01.00;TUT0017;20708;TUT0017 - TUTORIA MATEMÁTICA III;1;;60;Disciplina Complementar de Graduação;2008/1;ATIVO;3240;;8;7;14;3240;ATIVA;;
210;Sistemas de Informação - Bacharelado - Turno Integral (V/N);1.30.00.10.10.00.00.01.00;TUT0018;20709;TUT0018 - TUTORIA MATEMÁTICA IV;1;;60;Disciplina Complementar de Graduação;2008/1;ATIVO;3240;;8;7;14;3240;ATIVA;;
210;Sistemas de Informação - Bacharelado - Turno Integral (V/N);1.30.00.10.10.00.00.01.00;HDI0164;14927;HDI0164 - Culturas Afro Brasileiras em Sala de Aula;2;2;30;Optativa;2008/1;ATIVO;3240;;8;7;14;3240;ATIVA;[object Object];
210;Sistemas de Informação - Bacharelado - Turno Integral (V/N);1.30.00.10.10.00.00.01.00;SER0012;13968;SER0012 - EDUCAÇÃO AMBIENTAL E CIDADANIA;2;2;45;Optativa;2008/1;ATIVO;3240;;8;7;14;3240;ATIVA;[object Object];[object Object]
210;Sistemas de Informação - Bacharelado - Turno Integral (V/N);1.30.00.10.10.00.00.01.00;TIN0011;11897;TIN0011 - TÉCNICAS DE PROGRAMAÇÃO II;2;5;90;Obrigatória;2008/1;ATIVO;3240;;8;7;14;3240;ATIVA;[object Object];[object Object]
210;Sistemas de Informação - Bacharelado - Turno Integral (V/N);1.30.00.10.10.00.00.01.00;TIN0013;11899;TIN0013 - Análise Empresarial e Administrativa;2;4;60;Obrigatória;2008/1;ATIVO;3240;;8;7;14;3240;ATIVA;[object Object];[object Object]
210;Sistemas de Informação - Bacharelado - Turno Integral (V/N);1.30.00.10.10.00.00.01.00;TIN0105;15089;TIN0105 - INTRODUÇÃO À LÓGICA COMPUTACIONAL;2;4;60;Obrigatória;2008/1;ATIVO;3240;;8;7;14;3240;ATIVA;[object Object];
210;Sistemas de Informação - Bacharelado - Turno Integral (V/N);1.30.00.10.10.00.00.01.00;TIN0151;15140;TIN0151 - FORMAÇÃO COMPLEMENTAR-I;2;4;60;Eletiva;2008/1;ATIVO;3240;;8;7;14;3240;ATIVA;[object Object];
210;Sistemas de Informação - Bacharelado - Turno Integral (V/N);1.30.00.10.10.00.00.01.00;TME0015;11940;TME0015 - Álgebra Linear;2;4;60;Obrigatória;2008/1;ATIVO;3240;;8;7;14;3240;ATIVA;[object Object];
210;Sistemas de Informação - Bacharelado - Turno Integral (V/N);1.30.00.10.10.00.00.01.00;TME0112;15145;TME0112 - CÁLCULO DIFERENCIAL E INTEGRAL-I;2;4;60;Obrigatória;2008/1;ATIVO;3240;;8;7;14;3240;ATIVA;[object Object];
210;Sistemas de Informação - Bacharelado - Turno Integral (V/N);1.30.00.10.10.00.00.01.00;TIN0109;15090;TIN0109 - ESTRUTURAS DISCRETAS;3;4;60;Obrigatória;2008/1;ATIVO;3240;;8;7;14;3240;ATIVA;[object Object];
210;Sistemas de Informação - Bacharelado - Turno Integral (V/N);1.30.00.10.10.00.00.01.00;TIN0114;15094;TIN0114 - ESTRUTURAS DE DADOS-I;3;4;60;Obrigatória;2008/1;ATIVO;3240;;8;7;14;3240;ATIVA;[object Object];
210;Sistemas de Informação - Bacharelado - Turno Integral (V/N);1.30.00.10.10.00.00.01.00;TIN0116;15101;TIN0116 - SISTEMAS OPERACIONAIS;3;4;60;Obrigatória;2008/1;ATIVO;3240;;8;7;14;3240;ATIVA;[object Object];
210;Sistemas de Informação - Bacharelado - Turno Integral (V/N);1.30.00.10.10.00.00.01.00;TIN0120;15119;TIN0120 - BANCO DE DADOS-I;3;4;60;Obrigatória;2008/1;ATIVO;3240;;8;7;14;3240;ATIVA;[object Object];
210;Sistemas de Informação - Bacharelado - Turno Integral (V/N);1.30.00.10.10.00.00.01.00;TIN0152;15141;TIN0152 - FORMAÇÃO COMPLEMENTAR II;3;4;60;Eletiva;2008/1;ATIVO;3240;;8;7;14;3240;ATIVA;[object Object];
210;Sistemas de Informação - Bacharelado - Turno Integral (V/N);1.30.00.10.10.00.00.01.00;TME0113;15146;TME0113 - CÁLCULO DIFERENCIAL E INTEGRAL II;3;4;60;Obrigatória;2008/1;ATIVO;3240;;8;7;14;3240;ATIVA;[object Object];
210;Sistemas de Informação - Bacharelado - Turno Integral (V/N);1.30.00.10.10.00.00.01.00;TME0114;15147;TME0114 - PROBABILIDADE;3;4;60;Obrigatória;2008/1;ATIVO;3240;;8;7;14;3240;ATIVA;[object Object];
210;Sistemas de Informação - Bacharelado - Turno Integral (V/N);1.30.00.10.10.00.00.01.00;TIN0110;15098;TIN0110 - INTERAÇÃO HUMANO-COMPUTADOR;4;4;60;Obrigatória;2008/1;ATIVO;3240;;8;7;14;3240;ATIVA;[object Object];
210;Sistemas de Informação - Bacharelado - Turno Integral (V/N);1.30.00.10.10.00.00.01.00;TIN0115;15109;TIN0115 - ANÁLISE DE SISTEMAS;4;4;60;Obrigatória;2008/1;ATIVO;3240;;8;7;14;3240;ATIVA;[object Object];
210;Sistemas de Informação - Bacharelado - Turno Integral (V/N);1.30.00.10.10.00.00.01.00;TIN0119;15091;TIN0119 - LINGUAGENS FORMAIS E AUTÔMATOS;4;4;60;Obrigatória;2008/1;ATIVO;3240;;8;7;14;3240;ATIVA;[object Object];
210;Sistemas de Informação - Bacharelado - Turno Integral (V/N);1.30.00.10.10.00.00.01.00;TIN0123;15102;TIN0123 - REDES DE COMPUTADORES-I;4;4;60;Obrigatória;2008/1;ATIVO;3240;;8;7;14;3240;ATIVA;[object Object];
210;Sistemas de Informação - Bacharelado - Turno Integral (V/N);1.30.00.10.10.00.00.01.00;TIN0153;15142;TIN0153 - FORMAÇÃO COMPLEMENTAR III;4;4;60;Eletiva;2008/1;ATIVO;3240;;8;7;14;3240;ATIVA;[object Object];
210;Sistemas de Informação - Bacharelado - Turno Integral (V/N);1.30.00.10.10.00.00.01.00;TIN0168;15095;TIN0168 - ESTRUTURAS DE DADOS II;4;4;60;Obrigatória;2008/1;ATIVO;3240;;8;7;14;3240;ATIVA;[object Object];
210;Sistemas de Informação - Bacharelado - Turno Integral (V/N);1.30.00.10.10.00.00.01.00;TME0115;15148;TME0115 - ESTATÍSTICA;4;4;60;Obrigatória;2008/1;ATIVO;3240;;8;7;14;3240;ATIVA;[object Object];
210;Sistemas de Informação - Bacharelado - Turno Integral (V/N);1.30.00.10.10.00.00.01.00;HDI0142;14890;HDI0142 - Língua Brasileira de Sinais;5;4;60;Optativa;2008/1;ATIVO;3240;;8;7;14;3240;ATIVA;[object Object];
210;Sistemas de Informação - Bacharelado - Turno Integral (V/N);1.30.00.10.10.00.00.01.00;TIN0054;12982;TIN0054 - Atividades Curriculares de Extensão-1;5;3;90;Obrigatória;2008/1;ATIVO;3240;;8;7;14;3240;ATIVA;[object Object];
210;Sistemas de Informação - Bacharelado - Turno Integral (V/N);1.30.00.10.10.00.00.01.00;TIN0118;15092;TIN0118 - ANÁLISE DE ALGORITMOS;5;4;60;Obrigatória;2008/1;ATIVO;3240;;8;7;14;3240;ATIVA;[object Object];
210;Sistemas de Informação - Bacharelado - Turno Integral (V/N);1.30.00.10.10.00.00.01.00;TIN0126;15103;TIN0126 - REDES DE COMPUTADORES II;5;4;60;Obrigatória;2008/1;ATIVO;3240;;8;7;14;3240;ATIVA;[object Object];
210;Sistemas de Informação - Bacharelado - Turno Integral (V/N);1.30.00.10.10.00.00.01.00;TIN0128;15099;TIN0128 - INFORMÁTICA NA EDUCAÇÃO;5;4;60;Optativa;2008/1;ATIVO;3240;;8;7;14;3240;ATIVA;[object Object];
210;Sistemas de Informação - Bacharelado - Turno Integral (V/N);1.30.00.10.10.00.00.01.00;TIN0130;15127;TIN0130 - EMPREENDEDORISMO;5;4;60;Obrigatória;2008/1;ATIVO;3240;;8;7;14;3240;ATIVA;[object Object];
210;Sistemas de Informação - Bacharelado - Turno Integral (V/N);1.30.00.10.10.00.00.01.00;TIN0138;15104;TIN0138 - COMUNICAÇÃO E SEGURANÇA DE DADOS;5;4;60;Optativa;2008/1;ATIVO;3240;;8;7;14;3240;ATIVA;[object Object];
210;Sistemas de Informação - Bacharelado - Turno Integral (V/N);1.30.00.10.10.00.00.01.00;TIN0146;15135;TIN0146 - COMPILADORES;5;4;60;Optativa;2008/1;ATIVO;3240;;8;7;14;3240;ATIVA;[object Object];
210;Sistemas de Informação - Bacharelado - Turno Integral (V/N);1.30.00.10.10.00.00.01.00;TIN0147;15133;TIN0147 - FUNDAMENTOS DE REPRESENTAÇÃO DE CONHECIMENTO E RACIOCÍNIO;5;4;60;Optativa;2008/1;ATIVO;3240;;8;7;14;3240;ATIVA;[object Object];
210;Sistemas de Informação - Bacharelado - Turno Integral (V/N);1.30.00.10.10.00.00.01.00;TIN0148;15136;TIN0148 - SISTEMAS MULTIMÍDIA;5;4;60;Optativa;2008/1;ATIVO;3240;;8;7;14;3240;ATIVA;[object Object];
210;Sistemas de Informação - Bacharelado - Turno Integral (V/N);1.30.00.10.10.00.00.01.00;TIN0149;15137;TIN0149 - COMPUTAÇÃO GRÁFICA E PROCESSAMENTO DE IMAGENS;5;4;60;Optativa;2008/1;ATIVO;3240;;8;7;14;3240;ATIVA;[object Object];
210;Sistemas de Informação - Bacharelado - Turno Integral (V/N);1.30.00.10.10.00.00.01.00;TIN0158;15114;TIN0158 - DESENVOLVIMENTO DE SERVIDOR WEB;5;4;60;Optativa;2008/1;ATIVO;3240;;8;7;14;3240;ATIVA;[object Object];
210;Sistemas de Informação - Bacharelado - Turno Integral (V/N);1.30.00.10.10.00.00.01.00;TIN0169;15120;TIN0169 - BANCO DE DADOS II;5;4;60;Obrigatória;2008/1;ATIVO;3240;;8;7;14;3240;ATIVA;[object Object];
210;Sistemas de Informação - Bacharelado - Turno Integral (V/N);1.30.00.10.10.00.00.01.00;TIN0171;15112;TIN0171 - PROJETO E CONSTRUÇÃO DE SISTEMAS;5;4;60;Obrigatória;2008/1;ATIVO;3240;;8;7;14;3240;ATIVA;[object Object];
210;Sistemas de Informação - Bacharelado - Turno Integral (V/N);1.30.00.10.10.00.00.01.00;TIN0055;12990;TIN0055 - Atividades Curriculares de Extensão-2;6;3;90;Obrigatória;2008/1;ATIVO;3240;;8;7;14;3240;ATIVA;[object Object];[object Object]
210;Sistemas de Informação - Bacharelado - Turno Integral (V/N);1.30.00.10.10.00.00.01.00;TIN0117;15128;TIN0117 - ADMINISTRAÇÃO FINANCEIRA;6;4;60;Obrigatória;2008/1;ATIVO;3240;;8;7;14;3240;ATIVA;[object Object];
210;Sistemas de Informação - Bacharelado - Turno Integral (V/N);1.30.00.10.10.00.00.01.00;TIN0121;15110;TIN0121 - PROGRAMAÇÃO MODULAR;6;4;60;Obrigatória;2008/1;ATIVO;3240;;8;7;14;3240;ATIVA;[object Object];
210;Sistemas de Informação - Bacharelado - Turno Integral (V/N);1.30.00.10.10.00.00.01.00;TIN0125;15121;TIN0125 - PROJETO E CONSTRUÇÃO DE SISTEMAS COMSGBD;6;4;60;Obrigatória;2008/1;ATIVO;3240;;8;7;14;3240;ATIVA;[object Object];
210;Sistemas de Informação - Bacharelado - Turno Integral (V/N);1.30.00.10.10.00.00.01.00;TIN0135;15123;TIN0135 - ADMINISTRAÇÃO DE BANCO DE DADOS;6;4;60;Optativa;2008/1;ATIVO;3240;;8;7;14;3240;ATIVA;[object Object];
210;Sistemas de Informação - Bacharelado - Turno Integral (V/N);1.30.00.10.10.00.00.01.00;TIN0141;15105;TIN0141 - TÓPICOS AVANÇADOS EM REDES DE COMPUTADORES-I;6;4;60;Optativa;2008/1;ATIVO;3240;;8;7;14;3240;ATIVA;[object Object];
210;Sistemas de Informação - Bacharelado - Turno Integral (V/N);1.30.00.10.10.00.00.01.00;TIN0142;15129;TIN0142 - PROGRAMAÇÃO LINEAR;6;4;60;Optativa;2008/1;ATIVO;3240;;8;7;14;3240;ATIVA;[object Object];
210;Sistemas de Informação - Bacharelado - Turno Integral (V/N);1.30.00.10.10.00.00.01.00;TIN0144;15131;TIN0144 - ALGORITMOS PARA PROBLEMAS COMBINATÓRIOS;6;4;60;Optativa;2008/1;ATIVO;3240;;8;7;14;3240;ATIVA;[object Object];
210;Sistemas de Informação - Bacharelado - Turno Integral (V/N);1.30.00.10.10.00.00.01.00;TIN0150;15108;TIN0150 - AMBIENTE OPERACIONAL UNIX;6;4;60;Optativa;2008/1;ATIVO;3240;;8;7;14;3240;ATIVA;[object Object];
210;Sistemas de Informação - Bacharelado - Turno Integral (V/N);1.30.00.10.10.00.00.01.00;TIN0154;15157;TIN0154 - FORMAÇÃO COMPLEMENTAR IV;6;4;60;Eletiva;2008/1;ATIVO;3240;;8;7;14;3240;ATIVA;[object Object];
210;Sistemas de Informação - Bacharelado - Turno Integral (V/N);1.30.00.10.10.00.00.01.00;TIN0159;15115;TIN0159 - SISTEMAS COLABORATIVOS;6;4;60;Optativa;2008/1;ATIVO;3240;;8;7;14;3240;ATIVA;[object Object];
210;Sistemas de Informação - Bacharelado - Turno Integral (V/N);1.30.00.10.10.00.00.01.00;TIN0160;15116;TIN0160 - GESTÃO DE PROCESSOS DE NEGÓCIOS;6;4;60;Optativa;2008/1;ATIVO;3240;;8;7;14;3240;ATIVA;[object Object];
210;Sistemas de Informação - Bacharelado - Turno Integral (V/N);1.30.00.10.10.00.00.01.00;TIN0172;15134;TIN0172 - INTELIGÊNCIA ARTIFICIAL;6;4;60;Optativa;2008/1;ATIVO;3240;;8;7;14;3240;ATIVA;[object Object];
210;Sistemas de Informação - Bacharelado - Turno Integral (V/N);1.30.00.10.10.00.00.01.00;TIN0056;12989;TIN0056 - Atividades Curriculares de Extensão-3;7;3;90;Obrigatória;2008/1;ATIVO;3240;;8;7;14;3240;ATIVA;[object Object];[object Object]
210;Sistemas de Informação - Bacharelado - Turno Integral (V/N);1.30.00.10.10.00.00.01.00;TIN0122;15111;TIN0122 - PROCESSOS DE SOFTWARE;7;4;60;Obrigatória;2008/1;ATIVO;3240;;8;7;14;3240;ATIVA;[object Object];
210;Sistemas de Informação - Bacharelado - Turno Integral (V/N);1.30.00.10.10.00.00.01.00;TIN0131;15138;TIN0131 - PROJETO DE GRADUAÇÃO-I;7;3;60;Obrigatória;2008/1;ATIVO;3240;;8;7;14;3240;ATIVA;[object Object];
210;Sistemas de Informação - Bacharelado - Turno Integral (V/N);1.30.00.10.10.00.00.01.00;TIN0136;15122;TIN0136 - GERÊNCIA DE DADOS EM AMBIENTES DISTRIBUÍDOS E PARALELOS;7;4;60;Optativa;2008/1;ATIVO;3240;;8;7;14;3240;ATIVA;[object Object];
210;Sistemas de Informação - Bacharelado - Turno Integral (V/N);1.30.00.10.10.00.00.01.00;TIN0137;15124;TIN0137 - TÓPICOS AVANÇADOS EM BANCO DE DADOS-I;7;4;60;Optativa;2008/1;ATIVO;3240;;8;7;14;3240;ATIVA;[object Object];
210;Sistemas de Informação - Bacharelado - Turno Integral (V/N);1.30.00.10.10.00.00.01.00;TIN0143;15130;TIN0143 - FLUXOS EM REDES;7;4;60;Optativa;2008/1;ATIVO;3240;;8;7;14;3240;ATIVA;[object Object];
210;Sistemas de Informação - Bacharelado - Turno Integral (V/N);1.30.00.10.10.00.00.01.00;TIN0161;15117;TIN0161 - TÓPICOS AVANÇADOS EM ENGENHARIA DE SOFTWARE-I;7;4;60;Optativa;2008/1;ATIVO;3240;;8;7;14;3240;ATIVA;[object Object];
210;Sistemas de Informação - Bacharelado - Turno Integral (V/N);1.30.00.10.10.00.00.01.00;TIN0164;15106;TIN0164 - TÓPICOS AVANÇADOS EM REDES DE COMPUTADORES II;7;4;60;Optativa;2008/1;ATIVO;3240;;8;7;14;3240;ATIVA;[object Object];
210;Sistemas de Informação - Bacharelado - Turno Integral (V/N);1.30.00.10.10.00.00.01.00;TIN0057;12991;TIN0057 - Atividades Curriculares de Extensão-4;8;3;90;Obrigatória;2008/1;ATIVO;3240;;8;7;14;3240;ATIVA;[object Object];[object Object]
210;Sistemas de Informação - Bacharelado - Turno Integral (V/N);1.30.00.10.10.00.00.01.00;TIN0132;15113;TIN0132 - GERÊNCIA DE PROJETOS EM INFORMÁTICA;8;4;60;Obrigatória;2008/1;ATIVO;3240;;8;7;14;3240;ATIVA;[object Object];
210;Sistemas de Informação - Bacharelado - Turno Integral (V/N);1.30.00.10.10.00.00.01.00;TIN0133;15139;TIN0133 - PROJETO DE GRADUAÇÃO II;8;3;90;Obrigatória;2008/1;ATIVO;3240;;8;7;14;3240;ATIVA;[object Object];
210;Sistemas de Informação - Bacharelado - Turno Integral (V/N);1.30.00.10.10.00.00.01.00;TIN0145;15132;TIN0145 - TÓPICOS AVANÇADOS EM ALGORITMOS-I;8;4;60;Optativa;2008/1;ATIVO;3240;;8;7;14;3240;ATIVA;[object Object];
210;Sistemas de Informação - Bacharelado - Turno Integral (V/N);1.30.00.10.10.00.00.01.00;TIN0162;15125;TIN0162 - TÓPICOS AVANÇADOS EM BANCO DE DADOS II;8;4;60;Optativa;2008/1;ATIVO;3240;;8;7;14;3240;ATIVA;[object Object];
210;Sistemas de Informação - Bacharelado - Turno Integral (V/N);1.30.00.10.10.00.00.01.00;TIN0163;15126;TIN0163 - TÓPICOS AVANÇADOS EM BANCO DE DADOS III;8;4;60;Optativa;2008/1;ATIVO;3240;;8;7;14;3240;ATIVA;[object Object];
210;Sistemas de Informação - Bacharelado - Turno Integral (V/N);1.30.00.10.10.00.00.01.00;TIN0165;15107;TIN0165 - TÓPICOS AVANÇADOS EM REDES DE COMPUTADORES III;8;4;60;Optativa;2008/1;ATIVO;3240;;8;7;14;3240;ATIVA;[object Object];
210;Sistemas de Informação - Bacharelado - Turno Integral (V/N);1.30.00.10.10.00.00.01.00;TIN0166;15118;TIN0166 - TÓPICOS AVANÇADOS EM ENGENHARIA DE SOFTWARE II;8;4;60;Optativa;2008/1;ATIVO;3240;;8;7;14;3240;ATIVA;[object Object];
210;Sistemas de Informação - Bacharelado - Turno Integral (V/N);1.30.00.10.10.00.00.01.00;TIN0206;22610;TIN0206 - Fundamentos de Sistemas de Informação;1;4;60;Obrigatória;2023/2;CORRENTE;3000;;8;8;12;3000;ATIVA;[object Object];
210;Sistemas de Informação - Bacharelado - Turno Integral (V/N);1.30.00.10.10.00.00.01.00;TIN0207;22611;TIN0207 - Informação e Sociedade;1;4;60;Obrigatória;2023/2;CORRENTE;3000;;8;8;12;3000;ATIVA;[object Object];
210;Sistemas de Informação - Bacharelado - Turno Integral (V/N);1.30.00.10.10.00.00.01.00;TIN0208;22612;TIN0208 - Interação Humano-Computador;1;4;60;Obrigatória;2023/2;CORRENTE;3000;;8;8;12;3000;ATIVA;[object Object];
210;Sistemas de Informação - Bacharelado - Turno Integral (V/N);1.30.00.10.10.00.00.01.00;TIN0222;22626;TIN0222 - Algoritmos e Programação;1;3;60;Obrigatória;2023/2;CORRENTE;3000;;8;8;12;3000;ATIVA;[object Object];
210;Sistemas de Informação - Bacharelado - Turno Integral (V/N);1.30.00.10.10.00.00.01.00;TIN0235;22639;TIN0235 - Arquitetura de Computadores;1;4;60;Obrigatória;2023/2;CORRENTE;3000;;8;8;12;3000;ATIVA;[object Object];
210;Sistemas de Informação - Bacharelado - Turno Integral (V/N);1.30.00.10.10.00.00.01.00;TMT0043;22616;TMT0043 - Fundamentos de Cálculo;1;4;60;Obrigatória;2023/2;CORRENTE;3000;;8;8;12;3000;ATIVA;[object Object];
210;Sistemas de Informação - Bacharelado - Turno Integral (V/N);1.30.00.10.10.00.00.01.00;TIN0209;22613;TIN0209 - Projeto Integrador I;2;1;30;Obrigatória;2023/2;CORRENTE;3000;;8;8;12;3000;ATIVA;[object Object];
210;Sistemas de Informação - Bacharelado - Turno Integral (V/N);1.30.00.10.10.00.00.01.00;TIN0218;22622;TIN0218 - Fundamentos de Gestão Organizacional;2;4;60;Obrigatória;2023/2;CORRENTE;3000;;8;8;12;3000;ATIVA;[object Object];
210;Sistemas de Informação - Bacharelado - Turno Integral (V/N);1.30.00.10.10.00.00.01.00;TIN0219;22623;TIN0219 - GESTÃO DE PROCESSOS DE NEGÓCIOS;2;4;60;Obrigatória;2023/2;CORRENTE;3000;;8;8;12;3000;ATIVA;[object Object];
210;Sistemas de Informação - Bacharelado - Turno Integral (V/N);1.30.00.10.10.00.00.01.00;TIN0223;22627;TIN0223 - Introdução à Lógica Computacional;2;4;60;Obrigatória;2023/2;CORRENTE;3000;;8;8;12;3000;ATIVA;[object Object];
210;Sistemas de Informação - Bacharelado - Turno Integral (V/N);1.30.00.10.10.00.00.01.00;TIN0224;22628;TIN0224 - Técnicas de Programação;2;3;60;Obrigatória;2023/2;CORRENTE;3000;;8;8;12;3000;ATIVA;[object Object];
210;Sistemas de Informação - Bacharelado - Turno Integral (V/N);1.30.00.10.10.00.00.01.00;TMT0044;22617;TMT0044 - Álgebra Linear;2;4;60;Obrigatória;2023/2;CORRENTE;3000;;8;8;12;3000;ATIVA;[object Object];
210;Sistemas de Informação - Bacharelado - Turno Integral (V/N);1.30.00.10.10.00.00.01.00;TMT0045;22618;TMT0045 - Cálculo Diferencial e Integral I;2;4;60;Obrigatória;2023/2;CORRENTE;3000;;8;8;12;3000;ATIVA;[object Object];
210;Sistemas de Informação - Bacharelado - Turno Integral (V/N);1.30.00.10.10.00.00.01.00;TIN0225;22629;TIN0225 - Estruturas de Dados;3;3;60;Obrigatória;2023/2;CORRENTE;3000;;8;8;12;3000;ATIVA;[object Object];
210;Sistemas de Informação - Bacharelado - Turno Integral (V/N);1.30.00.10.10.00.00.01.00;TIN0226;22630;TIN0226 - Linguagens e Paradigmas de Programação;3;4;60;Obrigatória;2023/2;CORRENTE;3000;;8;8;12;3000;ATIVA;[object Object];
210;Sistemas de Informação - Bacharelado - Turno Integral (V/N);1.30.00.10.10.00.00.01.00;TIN0228;22632;TIN0228 - Análise e Projeto de Sistemas;3;4;60;Obrigatória;2023/2;CORRENTE;3000;;8;8;12;3000;ATIVA;[object Object];
210;Sistemas de Informação - Bacharelado - Turno Integral (V/N);1.30.00.10.10.00.00.01.00;TIN0232;22636;TIN0232 - Modelagem da Informação;3;3;60;Obrigatória;2023/2;CORRENTE;3000;;8;8;12;3000;ATIVA;[object Object];
210;Sistemas de Informação - Bacharelado - Turno Integral (V/N);1.30.00.10.10.00.00.01.00;TIN0236;22640;TIN0236 - Sistemas Operacionais;3;4;60;Obrigatória;2023/2;CORRENTE;3000;;8;8;12;3000;ATIVA;[object Object];
210;Sistemas de Informação - Bacharelado - Turno Integral (V/N);1.30.00.10.10.00.00.01.00;TMT0046;22619;TMT0046 - Cálculo Diferencial e Integral II;3;4;60;Obrigatória;2023/2;CORRENTE;3000;;8;8;12;3000;ATIVA;[object Object];
210;Sistemas de Informação - Bacharelado - Turno Integral (V/N);1.30.00.10.10.00.00.01.00;TIN0210;22614;TIN0210 - Projeto Integrador II;4;2;60;Obrigatória;2023/2;CORRENTE;3000;;8;8;12;3000;ATIVA;[object Object];
210;Sistemas de Informação - Bacharelado - Turno Integral (V/N);1.30.00.10.10.00.00.01.00;TIN0227;22631;TIN0227 - Projeto e Análise de Algoritmos;4;4;60;Obrigatória;2023/2;CORRENTE;3000;;8;8;12;3000;ATIVA;[object Object];
210;Sistemas de Informação - Bacharelado - Turno Integral (V/N);1.30.00.10.10.00.00.01.00;TIN0229;22633;TIN0229 - Engenharia de Software I;4;3;60;Obrigatória;2023/2;CORRENTE;3000;;8;8;12;3000;ATIVA;[object Object];
210;Sistemas de Informação - Bacharelado - Turno Integral (V/N);1.30.00.10.10.00.00.01.00;TIN0233;22637;TIN0233 - Armazenamento e Gestão de Dados;4;4;60;Obrigatória;2023/2;CORRENTE;3000;;8;8;12;3000;ATIVA;[object Object];
210;Sistemas de Informação - Bacharelado - Turno Integral (V/N);1.30.00.10.10.00.00.01.00;TIN0237;22641;TIN0237 - Redes de Computadores;4;4;60;Obrigatória;2023/2;CORRENTE;3000;;8;8;12;3000;ATIVA;[object Object];
210;Sistemas de Informação - Bacharelado - Turno Integral (V/N);1.30.00.10.10.00.00.01.00;TMQ0007;22620;TMQ0007 - Probabilidade;4;4;60;Obrigatória;2023/2;CORRENTE;3000;;8;8;12;3000;ATIVA;[object Object];
210;Sistemas de Informação - Bacharelado - Turno Integral (V/N);1.30.00.10.10.00.00.01.00;TIN0211;22615;TIN0211 - Metodologia Científica e Tecnológica;5;4;60;Obrigatória;2023/2;CORRENTE;3000;;8;8;12;3000;ATIVA;[object Object];
210;Sistemas de Informação - Bacharelado - Turno Integral (V/N);1.30.00.10.10.00.00.01.00;TIN0220;22624;TIN0220 - Governança de Tecnologia da Informação;5;4;60;Obrigatória;2023/2;CORRENTE;3000;;8;8;12;3000;ATIVA;[object Object];
210;Sistemas de Informação - Bacharelado - Turno Integral (V/N);1.30.00.10.10.00.00.01.00;TIN0230;22634;TIN0230 - Engenharia de Software II;5;4;60;Obrigatória;2023/2;CORRENTE;3000;;8;8;12;3000;ATIVA;[object Object];
210;Sistemas de Informação - Bacharelado - Turno Integral (V/N);1.30.00.10.10.00.00.01.00;TIN0231;22635;TIN0231 - Gerência de Projetos;5;4;60;Obrigatória;2023/2;CORRENTE;3000;;8;8;12;3000;ATIVA;[object Object];
210;Sistemas de Informação - Bacharelado - Turno Integral (V/N);1.30.00.10.10.00.00.01.00;TIN0306;22709;TIN0306 - Atividades de Extensão I;5;5;150;Obrigatória;2023/2;CORRENTE;3000;;8;8;12;3000;ATIVA;[object Object];
210;Sistemas de Informação - Bacharelado - Turno Integral (V/N);1.30.00.10.10.00.00.01.00;TMQ0008;22621;TMQ0008 - Estatística;5;4;60;Obrigatória;2023/2;CORRENTE;3000;;8;8;12;3000;ATIVA;[object Object];
210;Sistemas de Informação - Bacharelado - Turno Integral (V/N);1.30.00.10.10.00.00.01.00;HDI0142;14890;HDI0142 - Língua Brasileira de Sinais;6;4;60;Optativa;2023/2;CORRENTE;3000;;8;8;12;3000;ATIVA;[object Object];
210;Sistemas de Informação - Bacharelado - Turno Integral (V/N);1.30.00.10.10.00.00.01.00;HDI0164;14927;HDI0164 - Culturas Afro Brasileiras em Sala de Aula;6;2;30;Optativa;2023/2;CORRENTE;3000;;8;8;12;3000;ATIVA;[object Object];
210;Sistemas de Informação - Bacharelado - Turno Integral (V/N);1.30.00.10.10.00.00.01.00;SER0012;13968;SER0012 - EDUCAÇÃO AMBIENTAL E CIDADANIA;6;2;45;Optativa;2023/2;CORRENTE;3000;;8;8;12;3000;ATIVA;[object Object];[object Object]
210;Sistemas de Informação - Bacharelado - Turno Integral (V/N);1.30.00.10.10.00.00.01.00;TIN0106;15096;TIN0106 - DESENVOLVIMENTO DE PÁGINAS WEB;6;4;60;Optativa;2023/2;CORRENTE;3000;;8;8;12;3000;ATIVA;[object Object];
210;Sistemas de Informação - Bacharelado - Turno Integral (V/N);1.30.00.10.10.00.00.01.00;TIN0135;15123;TIN0135 - ADMINISTRAÇÃO DE BANCO DE DADOS;6;4;60;Optativa;2023/2;CORRENTE;3000;;8;8;12;3000;ATIVA;[object Object];
210;Sistemas de Informação - Bacharelado - Turno Integral (V/N);1.30.00.10.10.00.00.01.00;TIN0142;15129;TIN0142 - PROGRAMAÇÃO LINEAR;6;4;60;Optativa;2023/2;CORRENTE;3000;;8;8;12;3000;ATIVA;[object Object];
210;Sistemas de Informação - Bacharelado - Turno Integral (V/N);1.30.00.10.10.00.00.01.00;TIN0144;15131;TIN0144 - ALGORITMOS PARA PROBLEMAS COMBINATÓRIOS;6;4;60;Optativa;2023/2;CORRENTE;3000;;8;8;12;3000;ATIVA;[object Object];
210;Sistemas de Informação - Bacharelado - Turno Integral (V/N);1.30.00.10.10.00.00.01.00;TIN0147;15133;TIN0147 - FUNDAMENTOS DE REPRESENTAÇÃO DE CONHECIMENTO E RACIOCÍNIO;6;4;60;Optativa;2023/2;CORRENTE;3000;;8;8;12;3000;ATIVA;[object Object];
210;Sistemas de Informação - Bacharelado - Turno Integral (V/N);1.30.00.10.10.00.00.01.00;TIN0150;15108;TIN0150 - AMBIENTE OPERACIONAL UNIX;6;4;60;Optativa;2023/2;CORRENTE;3000;;8;8;12;3000;ATIVA;[object Object];
210;Sistemas de Informação - Bacharelado - Turno Integral (V/N);1.30.00.10.10.00.00.01.00;TIN0159;15115;TIN0159 - SISTEMAS COLABORATIVOS;6;4;60;Optativa;2023/2;CORRENTE;3000;;8;8;12;3000;ATIVA;[object Object];
210;Sistemas de Informação - Bacharelado - Turno Integral (V/N);1.30.00.10.10.00.00.01.00;TIN0221;22625;TIN0221 - Empreendedorismo e Inovação;6;4;60;Obrigatória;2023/2;CORRENTE;3000;;8;8;12;3000;ATIVA;[object Object];
210;Sistemas de Informação - Bacharelado - Turno Integral (V/N);1.30.00.10.10.00.00.01.00;TIN0234;22638;TIN0234 - Ciência de Dados;6;3;60;Obrigatória;2023/2;CORRENTE;3000;;8;8;12;3000;ATIVA;[object Object];
210;Sistemas de Informação - Bacharelado - Turno Integral (V/N);1.30.00.10.10.00.00.01.00;TIN0238;22642;TIN0238 - Acessibilidade;6;4;60;Optativa;2023/2;CORRENTE;3000;;8;8;12;3000;ATIVA;[object Object];
210;Sistemas de Informação - Bacharelado - Turno Integral (V/N);1.30.00.10.10.00.00.01.00;TIN0239;22643;TIN0239 - Cibercultura;6;4;60;Optativa;2023/2;CORRENTE;3000;;8;8;12;3000;ATIVA;[object Object];
210;Sistemas de Informação - Bacharelado - Turno Integral (V/N);1.30.00.10.10.00.00.01.00;TIN0240;22644;TIN0240 - Ciência de Redes;6;4;60;Optativa;2023/2;CORRENTE;3000;;8;8;12;3000;ATIVA;[object Object];
210;Sistemas de Informação - Bacharelado - Turno Integral (V/N);1.30.00.10.10.00.00.01.00;TIN0241;22645;TIN0241 - Informática na Educação;6;4;60;Optativa;2023/2;CORRENTE;3000;;8;8;12;3000;ATIVA;[object Object];
210;Sistemas de Informação - Bacharelado - Turno Integral (V/N);1.30.00.10.10.00.00.01.00;TIN0242;22646;TIN0242 - Novas Formas de Economia;6;4;60;Optativa;2023/2;CORRENTE;3000;;8;8;12;3000;ATIVA;[object Object];
210;Sistemas de Informação - Bacharelado - Turno Integral (V/N);1.30.00.10.10.00.00.01.00;TIN0243;22647;TIN0243 - Pensamento Computacional;6;4;60;Optativa;2023/2;CORRENTE;3000;;8;8;12;3000;ATIVA;[object Object];
210;Sistemas de Informação - Bacharelado - Turno Integral (V/N);1.30.00.10.10.00.00.01.00;TIN0244;22648;TIN0244 - Pensamento Sistêmico;6;4;60;Optativa;2023/2;CORRENTE;3000;;8;8;12;3000;ATIVA;[object Object];
210;Sistemas de Informação - Bacharelado - Turno Integral (V/N);1.30.00.10.10.00.00.01.00;TIN0245;22346;TIN0245 - Projeto de Aplicação de Sistemas de Informação em um Contexto Específico;6;4;60;Optativa;2023/2;CORRENTE;3000;;8;8;12;3000;ATIVA;[object Object];
210;Sistemas de Informação - Bacharelado - Turno Integral (V/N);1.30.00.10.10.00.00.01.00;TIN0246;22649;TIN0246 - Teorias e Práticas de Sistemas de Informação;6;4;60;Optativa;2023/2;CORRENTE;3000;;8;8;12;3000;ATIVA;[object Object];
210;Sistemas de Informação - Bacharelado - Turno Integral (V/N);1.30.00.10.10.00.00.01.00;TIN0247;22650;TIN0247 - Tópicos em Informática na Educação;6;4;60;Optativa;2023/2;CORRENTE;3000;;8;8;12;3000;ATIVA;[object Object];
210;Sistemas de Informação - Bacharelado - Turno Integral (V/N);1.30.00.10.10.00.00.01.00;TIN0248;22651;TIN0248 - Tópicos em Gestão de Processos de Negócio;6;4;60;Optativa;2023/2;CORRENTE;3000;;8;8;12;3000;ATIVA;[object Object];
210;Sistemas de Informação - Bacharelado - Turno Integral (V/N);1.30.00.10.10.00.00.01.00;TIN0249;22652;TIN0249 - Tópicos em Gestão do Conhecimento;6;4;60;Optativa;2023/2;CORRENTE;3000;;8;8;12;3000;ATIVA;[object Object];
210;Sistemas de Informação - Bacharelado - Turno Integral (V/N);1.30.00.10.10.00.00.01.00;TIN0250;22653;TIN0250 - Tópicos em Inovação Tecnológica;6;4;60;Optativa;2023/2;CORRENTE;3000;;8;8;12;3000;ATIVA;[object Object];
210;Sistemas de Informação - Bacharelado - Turno Integral (V/N);1.30.00.10.10.00.00.01.00;TIN0251;22654;TIN0251 - Tópicos em Propriedade Intelectual;6;4;60;Optativa;2023/2;CORRENTE;3000;;8;8;12;3000;ATIVA;[object Object];
210;Sistemas de Informação - Bacharelado - Turno Integral (V/N);1.30.00.10.10.00.00.01.00;TIN0252;22655;TIN0252 - Algoritmos para Ciência de Dados;6;4;60;Optativa;2023/2;CORRENTE;3000;;8;8;12;3000;ATIVA;[object Object];
210;Sistemas de Informação - Bacharelado - Turno Integral (V/N);1.30.00.10.10.00.00.01.00;TIN0253;22656;TIN0253 - Análise Multiparadigma de Algoritmos;6;4;60;Optativa;2023/2;CORRENTE;3000;;8;8;12;3000;ATIVA;[object Object];
210;Sistemas de Informação - Bacharelado - Turno Integral (V/N);1.30.00.10.10.00.00.01.00;TIN0254;22657;TIN0254 - Aplicações de Pesquisa Operacional;6;4;60;Optativa;2023/2;CORRENTE;3000;;8;8;12;3000;ATIVA;[object Object];
210;Sistemas de Informação - Bacharelado - Turno Integral (V/N);1.30.00.10.10.00.00.01.00;TIN0255;22658;TIN0255 - Aprendizagem Profunda;6;4;60;Optativa;2023/2;CORRENTE;3000;;8;8;12;3000;ATIVA;[object Object];
210;Sistemas de Informação - Bacharelado - Turno Integral (V/N);1.30.00.10.10.00.00.01.00;TIN0256;22659;TIN0256 - Estruturas de Dados Avançadas;6;4;60;Optativa;2023/2;CORRENTE;3000;;8;8;12;3000;ATIVA;[object Object];
210;Sistemas de Informação - Bacharelado - Turno Integral (V/N);1.30.00.10.10.00.00.01.00;TIN0257;22660;TIN0257 - Estruturas Discretas com Algoritmos;6;4;60;Optativa;2023/2;CORRENTE;3000;;8;8;12;3000;ATIVA;[object Object];
210;Sistemas de Informação - Bacharelado - Turno Integral (V/N);1.30.00.10.10.00.00.01.00;TIN0258;22661;TIN0258 - Estudo de Problemas de Otimização Combinatória;6;4;60;Optativa;2023/2;CORRENTE;3000;;8;8;12;3000;ATIVA;[object Object];
210;Sistemas de Informação - Bacharelado - Turno Integral (V/N);1.30.00.10.10.00.00.01.00;TIN0259;22662;TIN0259 - Fluxos em Redes;6;4;60;Optativa;2023/2;CORRENTE;3000;;8;8;12;3000;ATIVA;[object Object];
210;Sistemas de Informação - Bacharelado - Turno Integral (V/N);1.30.00.10.10.00.00.01.00;TIN0260;22663;TIN0260 - Heurísticas Inteligentes: Técnicas e Aplicações;6;4;60;Optativa;2023/2;CORRENTE;3000;;8;8;12;3000;ATIVA;[object Object];
210;Sistemas de Informação - Bacharelado - Turno Integral (V/N);1.30.00.10.10.00.00.01.00;TIN0261;22664;TIN0261 - Introdução à Inteligência Artificial;6;4;60;Optativa;2023/2;CORRENTE;3000;;8;8;12;3000;ATIVA;[object Object];
210;Sistemas de Informação - Bacharelado - Turno Integral (V/N);1.30.00.10.10.00.00.01.00;TIN0262;22665;TIN0262 - Introdução Algorítmica a Grafos;6;4;60;Optativa;2023/2;CORRENTE;3000;;8;8;12;3000;ATIVA;[object Object];
210;Sistemas de Informação - Bacharelado - Turno Integral (V/N);1.30.00.10.10.00.00.01.00;TIN0263;22666;TIN0263 - Modelagem e Ontologias;6;4;60;Optativa;2023/2;CORRENTE;3000;;8;8;12;3000;ATIVA;[object Object];
210;Sistemas de Informação - Bacharelado - Turno Integral (V/N);1.30.00.10.10.00.00.01.00;TIN0264;22667;TIN0264 - Processamento Baseado em Restrições;6;4;60;Optativa;2023/2;CORRENTE;3000;;8;8;12;3000;ATIVA;[object Object];
210;Sistemas de Informação - Bacharelado - Turno Integral (V/N);1.30.00.10.10.00.00.01.00;TIN0265;22668;TIN0265 - Técnicas de Programação Avançada;6;4;60;Optativa;2023/2;CORRENTE;3000;;8;8;12;3000;ATIVA;[object Object];
210;Sistemas de Informação - Bacharelado - Turno Integral (V/N);1.30.00.10.10.00.00.01.00;TIN0266;22669;TIN0266 - Tópicos em Algoritmos;6;4;60;Optativa;2023/2;CORRENTE;3000;;8;8;12;3000;ATIVA;[object Object];
210;Sistemas de Informação - Bacharelado - Turno Integral (V/N);1.30.00.10.10.00.00.01.00;TIN0267;22670;TIN0267 - Tópicos em Aplicações de Lógica e Raciocínio Automatizado;6;4;60;Optativa;2023/2;CORRENTE;3000;;8;8;12;3000;ATIVA;[object Object];
210;Sistemas de Informação - Bacharelado - Turno Integral (V/N);1.30.00.10.10.00.00.01.00;TIN0268;22671;TIN0268 - Tópicos em Aprendizagem de Máquina;6;4;60;Optativa;2023/2;CORRENTE;3000;;8;8;12;3000;ATIVA;[object Object];
210;Sistemas de Informação - Bacharelado - Turno Integral (V/N);1.30.00.10.10.00.00.01.00;TIN0269;22672;TIN0269 - Tópicos em Engenharia de Ontologias;6;4;60;Optativa;2023/2;CORRENTE;3000;;8;8;12;3000;ATIVA;[object Object];
210;Sistemas de Informação - Bacharelado - Turno Integral (V/N);1.30.00.10.10.00.00.01.00;TIN0270;22673;TIN0270 - Tópicos em Processamento de Linguagem Natural;6;4;60;Optativa;2023/2;CORRENTE;3000;;8;8;12;3000;ATIVA;[object Object];
210;Sistemas de Informação - Bacharelado - Turno Integral (V/N);1.30.00.10.10.00.00.01.00;TIN0271;22674;TIN0271 - Desenvolvimento de Servidor Web;6;4;60;Optativa;2023/2;CORRENTE;3000;;8;8;12;3000;ATIVA;[object Object];
210;Sistemas de Informação - Bacharelado - Turno Integral (V/N);1.30.00.10.10.00.00.01.00;TIN0272;22675;TIN0272 - Engenharia de Sistemas Complexos;6;4;60;Optativa;2023/2;CORRENTE;3000;;8;8;12;3000;ATIVA;[object Object];
210;Sistemas de Informação - Bacharelado - Turno Integral (V/N);1.30.00.10.10.00.00.01.00;TIN0273;22676;TIN0273 - Interfaces Móveis;6;4;60;Optativa;2023/2;CORRENTE;3000;;8;8;12;3000;ATIVA;[object Object];
210;Sistemas de Informação - Bacharelado - Turno Integral (V/N);1.30.00.10.10.00.00.01.00;TIN0274;22677;TIN0274 - Projeto de Jogos Digitais;6;4;60;Optativa;2023/2;CORRENTE;3000;;8;8;12;3000;ATIVA;[object Object];
210;Sistemas de Informação - Bacharelado - Turno Integral (V/N);1.30.00.10.10.00.00.01.00;TIN0275;22678;TIN0275 - Tópicos em Arquitetura de Software;6;4;60;Optativa;2023/2;CORRENTE;3000;;8;8;12;3000;ATIVA;[object Object];
210;Sistemas de Informação - Bacharelado - Turno Integral (V/N);1.30.00.10.10.00.00.01.00;TIN0276;22679;TIN0276 - Tópicos em Aspectos Humanos, Econômicos e Sociais de Software;6;4;60;Optativa;2023/2;CORRENTE;3000;;8;8;12;3000;ATIVA;[object Object];
210;Sistemas de Informação - Bacharelado - Turno Integral (V/N);1.30.00.10.10.00.00.01.00;TIN0277;22680;TIN0277 - Tópicos em Construção de Software;6;4;60;Optativa;2023/2;CORRENTE;3000;;8;8;12;3000;ATIVA;[object Object];
210;Sistemas de Informação - Bacharelado - Turno Integral (V/N);1.30.00.10.10.00.00.01.00;TIN0278;22681;TIN0278 - Tópicos em Engenharia de Requisitos;6;4;60;Optativa;2023/2;CORRENTE;3000;;8;8;12;3000;ATIVA;[object Object];
210;Sistemas de Informação - Bacharelado - Turno Integral (V/N);1.30.00.10.10.00.00.01.00;TIN0279;22682;TIN0279 - Tópicos em Engenharia de Software Experimental;6;4;60;Optativa;2023/2;CORRENTE;3000;;8;8;12;3000;ATIVA;[object Object];
210;Sistemas de Informação - Bacharelado - Turno Integral (V/N);1.30.00.10.10.00.00.01.00;TIN0280;22683;TIN0280 - Tópicos em Gerência de Configuração de Software;6;4;60;Optativa;2023/2;CORRENTE;3000;;8;8;12;3000;ATIVA;[object Object];
210;Sistemas de Informação - Bacharelado - Turno Integral (V/N);1.30.00.10.10.00.00.01.00;TIN0281;22684;TIN0281 - Tópicos em Gerência de Projetos;6;4;60;Optativa;2023/2;CORRENTE;3000;;8;8;12;3000;ATIVA;[object Object];
210;Sistemas de Informação - Bacharelado - Turno Integral (V/N);1.30.00.10.10.00.00.01.00;TIN0282;22685;TIN0282 - Tópicos em Manutenção de Software;6;4;60;Optativa;2023/2;CORRENTE;3000;;8;8;12;3000;ATIVA;[object Object];
210;Sistemas de Informação - Bacharelado - Turno Integral (V/N);1.30.00.10.10.00.00.01.00;TIN0283;22686;TIN0283 - Tópicos em Modelagem de Software;6;4;60;Optativa;2023/2;CORRENTE;3000;;8;8;12;3000;ATIVA;[object Object];
210;Sistemas de Informação - Bacharelado - Turno Integral (V/N);1.30.00.10.10.00.00.01.00;TIN0284;22687;TIN0284 - Tópicos em Processos de Software;6;4;60;Optativa;2023/2;CORRENTE;3000;;8;8;12;3000;ATIVA;[object Object];
210;Sistemas de Informação - Bacharelado - Turno Integral (V/N);1.30.00.10.10.00.00.01.00;TIN0285;22688;TIN0285 - Tópicos em Projeto de Software;6;4;60;Optativa;2023/2;CORRENTE;3000;;8;8;12;3000;ATIVA;[object Object];
210;Sistemas de Informação - Bacharelado - Turno Integral (V/N);1.30.00.10.10.00.00.01.00;TIN0286;22689;TIN0286 - Tópicos em Qualidade de Software;6;4;60;Optativa;2023/2;CORRENTE;3000;;8;8;12;3000;ATIVA;[object Object];
210;Sistemas de Informação - Bacharelado - Turno Integral (V/N);1.30.00.10.10.00.00.01.00;TIN0287;22690;TIN0287 - Tópicos em Sistemas Colaborativos;6;4;60;Optativa;2023/2;CORRENTE;3000;;8;8;12;3000;ATIVA;[object Object];
210;Sistemas de Informação - Bacharelado - Turno Integral (V/N);1.30.00.10.10.00.00.01.00;TIN0288;22691;TIN0288 - Tópicos em Verificação, Validação e Testes de Software;6;4;60;Optativa;2023/2;CORRENTE;3000;;8;8;12;3000;ATIVA;[object Object];
210;Sistemas de Informação - Bacharelado - Turno Integral (V/N);1.30.00.10.10.00.00.01.00;TIN0289;22692;TIN0289 - Banco de Dados Distribuídos;6;4;60;Optativa;2023/2;CORRENTE;3000;;8;8;12;3000;ATIVA;[object Object];
210;Sistemas de Informação - Bacharelado - Turno Integral (V/N);1.30.00.10.10.00.00.01.00;TIN0290;22693;TIN0290 - Banco de Dados Não Convencionais;6;4;60;Optativa;2023/2;CORRENTE;3000;;8;8;12;3000;ATIVA;[object Object];
210;Sistemas de Informação - Bacharelado - Turno Integral (V/N);1.30.00.10.10.00.00.01.00;TIN0291;22694;TIN0291 - Projeto de Aplicações com Dados Abertos;6;4;60;Optativa;2023/2;CORRENTE;3000;;8;8;12;3000;ATIVA;[object Object];
210;Sistemas de Informação - Bacharelado - Turno Integral (V/N);1.30.00.10.10.00.00.01.00;TIN0292;22695;TIN0292 - Recuperação de Informação;6;4;60;Optativa;2023/2;CORRENTE;3000;;8;8;12;3000;ATIVA;[object Object];
210;Sistemas de Informação - Bacharelado - Turno Integral (V/N);1.30.00.10.10.00.00.01.00;TIN0293;22696;TIN0293 - Séries Temporais;6;4;60;Optativa;2023/2;CORRENTE;3000;;8;8;12;3000;ATIVA;[object Object];
210;Sistemas de Informação - Bacharelado - Turno Integral (V/N);1.30.00.10.10.00.00.01.00;TIN0297;22700;TIN0297 - Automação;6;4;60;Optativa;2023/2;CORRENTE;3000;;8;8;12;3000;ATIVA;[object Object];
210;Sistemas de Informação - Bacharelado - Turno Integral (V/N);1.30.00.10.10.00.00.01.00;TIN0298;22701;TIN0298 - Ferramentas de Modelagem e Simulação para Avaliação de Desempenho;6;4;60;Optativa;2023/2;CORRENTE;3000;;8;8;12;3000;ATIVA;[object Object];
210;Sistemas de Informação - Bacharelado - Turno Integral (V/N);1.30.00.10.10.00.00.01.00;TIN0299;22702;TIN0299 - Gerenciamento de Redes e Serviços;6;4;60;Optativa;2023/2;CORRENTE;3000;;8;8;12;3000;ATIVA;[object Object];
210;Sistemas de Informação - Bacharelado - Turno Integral (V/N);1.30.00.10.10.00.00.01.00;TIN0300;22703;TIN0300 - Modelos de Sistemas de Computação e Comunicação;6;4;60;Optativa;2023/2;CORRENTE;3000;;8;8;12;3000;ATIVA;[object Object];
210;Sistemas de Informação - Bacharelado - Turno Integral (V/N);1.30.00.10.10.00.00.01.00;TIN0301;22704;TIN0301 - Redes Móveis e Computação Ubíqua;6;4;60;Optativa;2023/2;CORRENTE;3000;;8;8;12;3000;ATIVA;[object Object];
210;Sistemas de Informação - Bacharelado - Turno Integral (V/N);1.30.00.10.10.00.00.01.00;TIN0302;22705;TIN0302 - Segurança de Tecnologia da Informação;6;4;60;Optativa;2023/2;CORRENTE;3000;;8;8;12;3000;ATIVA;[object Object];
210;Sistemas de Informação - Bacharelado - Turno Integral (V/N);1.30.00.10.10.00.00.01.00;TIN0303;22706;TIN0303 - Serviços de Rede e Multimídia;6;4;60;Optativa;2023/2;CORRENTE;3000;;8;8;12;3000;ATIVA;[object Object];
210;Sistemas de Informação - Bacharelado - Turno Integral (V/N);1.30.00.10.10.00.00.01.00;TIN0304;22707;TIN0304 - Simulação Estocástica;6;4;60;Optativa;2023/2;CORRENTE;3000;;8;8;12;3000;ATIVA;[object Object];
210;Sistemas de Informação - Bacharelado - Turno Integral (V/N);1.30.00.10.10.00.00.01.00;TIN0305;22708;TIN0305 - Sistemas Distribuídos;6;4;60;Optativa;2023/2;CORRENTE;3000;;8;8;12;3000;ATIVA;[object Object];
210;Sistemas de Informação - Bacharelado - Turno Integral (V/N);1.30.00.10.10.00.00.01.00;TIN0307;22710;TIN0307 - Atividades de Extensão II;6;5;150;Obrigatória;2023/2;CORRENTE;3000;;8;8;12;3000;ATIVA;[object Object];
210;Sistemas de Informação - Bacharelado - Turno Integral (V/N);1.30.00.10.10.00.00.01.00;TIN0151;15140;TIN0151 - FORMAÇÃO COMPLEMENTAR-I;7;4;60;Optativa;2023/2;CORRENTE;3000;;8;8;12;3000;ATIVA;[object Object];
210;Sistemas de Informação - Bacharelado - Turno Integral (V/N);1.30.00.10.10.00.00.01.00;TIN0294;22697;TIN0294 - Descoberta de Conhecimento em Dados;7;4;60;Optativa;2023/2;CORRENTE;3000;;8;8;12;3000;ATIVA;[object Object];
210;Sistemas de Informação - Bacharelado - Turno Integral (V/N);1.30.00.10.10.00.00.01.00;TIN0295;22698;TIN0295 - Processamento e Mineração de Texto;7;4;60;Optativa;2023/2;CORRENTE;3000;;8;8;12;3000;ATIVA;[object Object];
210;Sistemas de Informação - Bacharelado - Turno Integral (V/N);1.30.00.10.10.00.00.01.00;TIN0296;22699;TIN0296 - Projetos de Ciência de Dados para o Bem-Estar Social;7;4;60;Optativa;2023/2;CORRENTE;3000;;8;8;12;3000;ATIVA;[object Object];
210;Sistemas de Informação - Bacharelado - Turno Integral (V/N);1.30.00.10.10.00.00.01.00;TIN0308;22711;TIN0308 - Projeto de Graduação I;7;3;60;Obrigatória;2023/2;CORRENTE;3000;;8;8;12;3000;ATIVA;[object Object];
210;Sistemas de Informação - Bacharelado - Turno Integral (V/N);1.30.00.10.10.00.00.01.00;TIN0152;15141;TIN0152 - FORMAÇÃO COMPLEMENTAR II;8;4;60;Optativa;2023/2;CORRENTE;3000;;8;8;12;3000;ATIVA;[object Object];
210;Sistemas de Informação - Bacharelado - Turno Integral (V/N);1.30.00.10.10.00.00.01.00;TIN0309;22712;TIN0309 - Projeto de Graduação II;8;2;60;Obrigatória;2023/2;CORRENTE;3000;;8;8;12;3000;ATIVA;[object Object];